Šta znači izraz „Hasbi Rabbi“?	What does the phrase “Hasbi Rabbi” mean?
Meni je dovoljan moj Gospodar	My Lord is enough for me
Muhammed je Allahov poslanik	Muhammad is Allah’s Messenger
U mom srcu je svjetlo	There is light in my heart
Allah je najveći	Allah is the Greatest
Ko je vjerniku dovoljan?	Who is enough for a believer?
Prijatelj	A friend
Učitelj	A teacher
Roditelj	A parent
Uzvišeni Allah	Allah, the Exalted
Ko se, prema ilahiji, nalazi u našem srcu?	According to the nasheed (ilahiya), who is in our heart?
Samo porodica	Only our family
Samo prijatelji	Only our friends
Samo Allah	Only Allah
Samo učitelji	Only our teachers
Kako glasi drugi stih ilahije Hasbi Rabbi?	What is the second line of the nasheed Hasbi Rabbi?
Nur Muhammed sallallah	Nur Muhammad sallallah
La ilahe illallah	La ilaha illallah
Hasbi Rabbi džellallah	Hasbi Rabbi jallallah
Ma fi kalbi gajrullah	Ma fi qalbi ghayrullah
Kako glasi treći stih ilahije Hasbi Rabbi?	What is the third line of the nasheed Hasbi Rabbi?
Kako glasi posljednji stih ilahije Hasbi Rabbi?	What is the last line of the nasheed Hasbi Rabbi?
Šta znači „La ilahe illallah“?	What does “La ilaha illallah” mean?
Nema drugog boga osim Allaha	There is no god except Allah
Allah je milostiv	Allah is Merciful
Muhammed je svjetlo	Muhammad is a light
Allah je naš Stvoritelj	Allah is our Creator
Ko je naše svjetlo prema riječima ilahije Hasbi Rabbi?	According to the words of the nasheed Hasbi Rabbi, who is our light?
Sunce	The Sun
Mjesec	The Moon
Muhammed, alejhis-selam	Muhammad, alayhis-salam
Na koga se musliman oslanja?	Who does a Muslim rely on?
Samo na sebe	Only on himself
Na svoje prijatelje	On his friends
Na druge ljude	On other people
Samo na Allaha, dželle šanuhu	Only on Allah, jalla sha’nuhu
Šta musliman izvršava?	What does a Muslim carry out?
Allahove naredbe	Allah’s commands
Sve svoje želje	All of his own wishes
Naredbe prijatelja	His friends’ orders
Običaje drugih ljudi	Other people’s customs
Čega se musliman kloni?	What does a Muslim stay away from?
Učenja	Learning
Dobrih djela	Good deeds
Allahovih zabrana	What Allah has forbidden
Namaza	Salah (prayer)
Ko nam je uzor u ponašanju?	Who is our role model in how we behave?
Svaki poznati čovjek	Any famous person
Naši vršnjaci	Children our own age
Bogati ljudi	Rich people
U čemu nam je Muhammed, alejhis-selam, uzor?	In what is Muhammad, alayhis-salam, our role model?
Samo u odijevanju	Only in how he dressed
U ponašanju	In how he behaved
Samo u govoru	Only in how he spoke
U stjecanju bogatstva	In gaining wealth
Šta musliman treba činiti prema Allahovim naredbama?	What should a Muslim do with Allah’s commands?
Izvršavati ih	Carry them out
Zaboravljati ih	Forget them
Odgađati ih	Put them off
Izbjegavati ih	Avoid them
Koja poruka odgovara sadržaju ilahije „Hasbi Rabbi“?	Which message matches the nasheed “Hasbi Rabbi”?
Čovjek se treba oslanjati samo na svoju snagu	A person should rely only on his own strength
Najvažnije je steći bogatstvo	The most important thing is to get rich
Musliman vjeruje u Allaha i slijedi Njegove naredbe	A Muslim believes in Allah and follows His commands
Čovjeku nije potreban uzor	A person does not need a role model
Ko je posljednji Allahov poslanik?	Who is Allah’s last messenger?
Musa, alejhis-selam	Musa, alayhis-salam
Isa, alejhis-selam	Isa, alayhis-salam
Ibrahim, alejhis-selam	Ibrahim, alayhis-salam
Gdje je rođen Muhammed, alejhis-selam?	Where was Muhammad, alayhis-salam, born?
U Meki	In Makkah
U Medini	In Madinah
U Jerusalemu	In Jerusalem
U Taifu	In Ta’if
Kojeg hidžretskog datuma je rođen Muhammed, alejhis-selam?	On which Hijri date was Muhammad, alayhis-salam, born?
1. muharrema	1st of Muharram
27. redžeba	27th of Rajab
15. ša'bana	15th of Sha’ban
12. rebiul-evvela	12th of Rabi’ al-Awwal
Koje godine je rođen Muhammed, alejhis-selam?	In which year was Muhammad, alayhis-salam, born?
610. godine	In the year 610
571. godine	In the year 571
622. godine	In the year 622
632. godine	In the year 632
Kojeg datuma po gregorijanskom kalendaru je rođen Muhammed, alejhis-selam?	On which date of the Gregorian calendar was Muhammad, alayhis-salam, born?
20. aprila	20 April
1. januara	1 January
10. maja	10 May
12. juna	12 June
Kako se zvao otac Muhammeda, alejhis-selam?	What was the name of the father of Muhammad, alayhis-salam?
Ebu Talib	Abu Talib
Abdulmuttalib	Abdul-Muttalib
Abdullah	Abdullah
Hamza	Hamzah
Kako se zvala majka Muhammeda, alejhis-selam?	What was the name of the mother of Muhammad, alayhis-salam?
Hatidža	Khadijah
Amina	Aminah
Fatima	Fatimah
Halima	Halimah
Kod koga je Muhammed, alejhis-selam, ostao nakon smrti roditelja?	Who did Muhammad, alayhis-salam, stay with after his parents died?
Kod svojih prijatelja	With his friends
Kod komšija	With the neighbours
Kod učitelja	With a teacher
Kod djeda i amidže	With his grandfather and his uncle
Kako se zvao djed Muhammeda, alejhis-selam?	What was the name of the grandfather of Muhammad, alayhis-salam?
Abbas	Abbas
Kako se zvao amidža Muhammeda, alejhis-selam, kod kojeg je odrastao?	What was the name of the uncle of Muhammad, alayhis-salam, who raised him?
Ebu Bekr	Abu Bakr
Omer	Umar
Osman	Uthman
U kojoj godini života je Muhammed, alejhis-selam, uzvišeni Allah počeo slati Objavu?	At what age did Allah, the Exalted, begin sending the Revelation to Muhammad, alayhis-salam?
U dvadesetoj	At twenty
U četrdesetoj	At forty
U tridesetoj	At thirty
U pedesetoj	At fifty
Šta kažemo kada spomenemo ime Muhammed?	What do we say when we mention the name Muhammad?
Elhamdulillah	Alhamdulillah
Alejhis-selam	Alayhis-salam
Selam	Salam
Allahu ekber	Allahu akbar
Šta znači izraz „alejhis-selam“?	What does the phrase “alayhis-salam” mean?
Allah mu se smilovao	May Allah have mercy on him
Neka je na njega Allahov mir	May Allah’s peace be upon him
Hvala Allahu	Praise be to Allah
Ko nam treba biti uzor u ponašanju?	Who should be our role model in how we behave?
Najbogatiji čovjek	The richest man
Najpoznatiji sportista	The most famous athlete
Najbolji pjevač	The best singer
Kako je Muhammed, alejhis-selam, povezan s Abdulmuttalibom?	How is Muhammad, alayhis-salam, related to Abdul-Muttalib?
Abdulmuttalib mu je bio otac	Abdul-Muttalib was his father
Abdulmuttalib mu je bio djed	Abdul-Muttalib was his grandfather
Abdulmuttalib mu je bio amidža	Abdul-Muttalib was his uncle
Abdulmuttalib mu je bio prijatelj	Abdul-Muttalib was his friend
Kako je Muhammed, alejhis-selam, povezan s Ebu Talibom?	How is Muhammad, alayhis-salam, related to Abu Talib?
Ebu Talib mu je bio djed	Abu Talib was his grandfather
Ebu Talib mu je bio brat	Abu Talib was his brother
Ebu Talib mu je bio amidža	Abu Talib was his uncle
Ebu Talib mu je bio sin	Abu Talib was his son
Čime potvrđujemo svoju pripadnost islamu?	How do we confirm that we belong to Islam?
Učenjem ezana	By calling the Adhan
Izgovaranjem kelimei-šehadeta	By saying the Kalimat ash-Shahadah (the Shahadah)
Nazivanjem selama	By greeting with salam
Oblačenjem čiste odjeće	By putting on clean clothes
Koliko dijelova ima kelimei-šehadet?	How many parts does the Shahadah have?
Tri	Three
Četiri	Four
Jedan	One
Dva	Two
Šta svjedočimo u prvom dijelu kelimei-šehadeta?	What do we bear witness to in the first part of the Shahadah?
Da je Muhammed posljednji poslanik	That Muhammad is the last messenger
Da postoje meleki	That angels exist
Da nema drugog boga osim Allaha	That there is no god except Allah
Da je post obavezan	That fasting is compulsory
Šta svjedočimo u drugom dijelu kelimei-šehadeta?	What do we bear witness to in the second part of the Shahadah?
Da je Muhammed Allahov rob i poslanik	That Muhammad is Allah’s servant and messenger
Da je Musa, alejhis-selam, posljednji poslanik	That Musa, alayhis-salam, is the last messenger
Da vjerujemo u kitabe	That we believe in the holy books (kutub)
Da vjerujemo u meleke	That we believe in the angels
Kako počinje kelimei-šehadet?	How does the Shahadah begin?
Elhamdulillahi rabbil-alemin	Alhamdulillahi rabbil-’alamin
Ešhedu en la ilahe illallah	Ashhadu an la ilaha illallah
Bismillahir-Rahmanir-Rahim	Bismillahir-Rahmanir-Rahim
Subhane rabbijel-azim	Subhana rabbiyal-’azim
Šta je selam?	What is salam?
Posebna vrsta dove poslije namaza	A special du’a after Salah
Naziv jednog namaza	The name of one of the prayers
Poziv na namaz	The call to prayer
Pozdrav kojim se muslimani međusobno pozdravljaju	The greeting Muslims give each other
Kako glasi islamski pozdrav?	What is the Islamic greeting?
Es-selamu alejkum	As-salamu alaykum
Ve alejkumus-selam	Wa alaykumus-salam
Kako odgovaramo na selam?	How do we reply to salam?
Alejkumus-selam	Alaykumus-salam
Mašallah	MashaAllah
Subhanallah	SubhanAllah
Koje je riječi lijepo dodati prilikom nazivanja selama?	Which words is it good to add when giving salam?
Allahu ekber kebira	Allahu akbaru kabira
Ve rahmetullahi ve berekatuhu	Wa rahmatullahi wa barakatuhu
Estagfirullah	Astaghfirullah
Šta znači islamski pozdrav – selam?	What does the Islamic greeting, salam, mean?
Neka je na vas Allahov mir i blagoslov	May Allah’s peace and blessings be upon you
Neka vam je sretan put	Have a safe journey
Želim vam lijep dan	Have a nice day
Dobro došli u moju kuću	Welcome to my home
Kome nazivamo selam?	Who do we give salam to?
Samo roditeljima	Only to our parents
Samo učiteljima	Only to our teachers
Samo prijateljima	Only to our friends
Roditeljima, rodbini, prijateljima i poznanicima muslimanima	To our parents, relatives, friends and Muslims we know
Kada nazivamo selam prilikom dolaska kući?	When do we give salam at home?
Samo pri izlasku	Only when going out
Pri ulasku i izlasku iz kuće	When coming into and going out of the house
Samo ujutro	Only in the morning
Samo navečer	Only in the evening
Kada još nazivamo selam?	When else do we give salam?
Kada dolazimo u društvo ili odlazimo iz njega	When we join a group of people or leave it
Samo kada ulazimo u džamiju	Only when we enter the mosque
Samo poslije jela	Only after eating
Samo prije spavanja	Only before sleeping
Kojoj strani islam daje prednost?	Which side does Islam give preference to?
Lijevoj strani	The left side
Objema stranama podjednako	Both sides equally
Desnoj strani	The right side
Nijednoj strani	Neither side
Kojom rukom trebamo jesti?	Which hand should we eat with?
Lijevom rukom	With the left hand
Objema rukama	With both hands
Nije važno kojom rukom	It does not matter which hand
Desnom rukom	With the right hand
Koji rukav prvi oblačimo?	Which sleeve do we put on first?
Desni rukav	The right sleeve
Lijevi rukav	The left sleeve
Oba rukava istovremeno	Both sleeves at the same time
Nije određeno	There is no rule
Kako pravilno obuvamo i izuvamo cipele?	What is the right way to put on and take off shoes?
Prvo obuvamo lijevu, a izuvamo desnu cipelu	Put on the left shoe first, and take off the right one first
Prvo obuvamo desnu, a izuvamo lijevu cipelu	Put on the right shoe first, and take off the left one first
Uvijek prvo obuvamo i izuvamo lijevu cipelu	Always put on and take off the left shoe first
Nije važno kojim redom	The order does not matter
Na kojoj strani je preporučeno spavati?	Which side is it recommended to sleep on?
Na stomaku	On the stomach
Na lijevoj strani	On the left side
Na desnoj strani	On the right side
Na leđima	On the back
Koju dovu učimo prije početka posla?	Which du’a do we say before starting a task?
Dovu za putovanje	The du’a for travelling
Rabbi jessir	Rabbi yassir
Dovu poslije jela	The du’a after eating
Dovu za kišu	The du’a for rain
Šta riječima „Rabbi jessir“ molimo Allaha?	What do we ask Allah for with the words “Rabbi yassir”?
Da nam podari mnogo imetka	To give us lots of wealth
Da nam podari dug život	To give us a long life
Da nam olakša	To make things easy for us
Da nas učini poznatim	To make us famous
Kako glasi početak dove za hairli početak?	How does the du’a for a blessed (khayr) start begin?
Rabbi zidni ilma	Rabbi zidni ’ilma
Bismillahi	Bismillahi
Elhamdulillahi	Alhamdulillahi
Rabbi jessir ve la tu’assir	Rabbi yassir wa la tu’assir
Šta znači „ve la tu’assir“?	What does “wa la tu’assir” mean?
A ne otežaj	And do not make it hard
Povećaj mi znanje	Increase my knowledge
Oprosti mi grijehe	Forgive my sins
Sačuvaj me na putu	Keep me safe on my journey
Šta znači „Rabbi temmim bil-hajr“?	What does “Rabbi tammim bil-khayr” mean?
Gospodaru, povećaj mi znanje	My Lord, increase my knowledge
Gospodaru, upotpuni moj posao dobrim	My Lord, complete my work with good
Gospodaru, podari mi zdravlje	My Lord, give me good health
Gospodaru, oprosti mojim roditeljima	My Lord, forgive my parents
Šta molimo od Allaha dovom za hairli početak?	What do we ask Allah for with the du’a for a blessed start?
Olakšanje, blagoslov i sreću u dobrim poslovima	Ease, blessing and success in good deeds
Samo materijalno bogatstvo	Only material wealth
Pobjedu u svakoj igri	To win every game
Da nikada ne moramo raditi	That we never have to work
Ko ljudima daruje znanje?	Who gives people knowledge?
Samo knjige	Only books
Samo škola	Only school
Allah	Allah
Samo roditelji	Only parents
Kako glasi dova za povećanje znanja?	What is the du’a for more knowledge?
Šta znači „Rabbi zidni ilma“?	What does “Rabbi zidni ’ilma” mean?
Gospodaru moj, Ti znanje moje proširi	My Lord, increase me in knowledge
Gospodaru moj, olakšaj mi put	My Lord, make my way easy
Gospodaru moj, podari mi hranu	My Lord, give me food
Gospodaru moj, izliječi me	My Lord, heal me
U kojoj kur’anskoj suri se nalazi dova „Rabbi zidni ilma“?	In which surah of the Qur’an is the du’a “Rabbi zidni ’ilma”?
El-Fatiha	Al-Fatiha
Ta-Ha	Ta-Ha
El-Ihlas	Al-Ikhlas
En-Nas	An-Nas
Koji je broj ajeta dove „Rabbi zidni ilma“?	What is the ayah number of the du’a “Rabbi zidni ’ilma”?
14. ajet	Ayah 14
40. ajet	Ayah 40
114. ajet	Ayah 114
120. ajet	Ayah 120
Kada trebamo učiti dovu za znanje?	When should we say the du’a for knowledge?
Samo prije jela	Only before eating
Samo prije putovanja	Only before travelling
Prije početka učenja i pisanja zadaće	Before we start studying and doing homework
Kako se zove naša vjera?	What is the name of our religion?
Islam	Islam
Kršćanstvo	Christianity
Judaizam	Judaism
Budizam	Buddhism
Šta smo mi po vjeri?	What are we by religion?
Samo učenici	Only students
Muslimani i muslimanke	Muslims (boys and girls)
Putnici	Travellers
Pjesnici	Poets
U koga muslimani vjeruju?	Who do Muslims believe in?
Samo u ljude	Only in people
U sunce i zvijezde	In the sun and the stars
U Allaha	In Allah
U kipove	In statues (idols)
Šta muslimani trebaju govoriti?	What should Muslims say?
Istinu	The truth
Laž	Lies
Ružne riječi	Ugly words
Ono što će druge povrijediti	Things that will hurt others
Kakva djela muslimani trebaju činiti?	What kind of deeds should Muslims do?
Loša djela	Bad deeds
Dobra djela	Good deeds
Samo lahka djela	Only easy deeds
Beskorisna djela	Useless deeds
Šta islam traži od vjernika?	What does Islam ask of believers?
Lijenost	Laziness
Nepravdu	Injustice
Žrtvu, nauku i rad	Sacrifice, learning and work
Oholost	Arrogance
Čemu nas islam vodi?	Where does Islam lead us?
Grijehu	To sin
Neslozi	To quarrelling
Neuspjehu	To failure
Sreći i uspjehu	To happiness and success
Ko je naš poslanik?	Who is our prophet?
Junus a.s.	Yunus (AS)
Nuh a.s.	Nuh (AS)
Muhammed, a.s.	Muhammad (AS)
Džibril, a.s.	Jibril (AS)
Koja je naša sveta knjiga?	What is our holy book?
Ilmihal	The Ilmihal (Islamic basics book)
Sveska	A notebook
Udžbenik	A school textbook
Kur’an	The Qur’an
Koja je naša vjera?	What is our religion?
Dova	Du’a
Namaz	Salah
Šta učimo prije Bismille?	What do we say before the Bismillah?
Tekbir	The Takbir
Euzubillu	The Ta’awwudh (A’udhu billah)
Salavat	Salawat
Fatihu	Al-Fatiha
Šta znače riječi Euzubille?	What do the words of the Ta’awwudh mean?
Hvala Allahu, Gospodaru svjetova	Praise be to Allah, Lord of the worlds
Molim Allaha za oprost	I ask Allah for forgiveness
Tražim Allahovu zaštitu od prokletog šejtana	I seek refuge in Allah from the accursed Shaytan
Kojim Allahovim imenima završava Bismilla?	With which names of Allah does the Bismillah end?
Milostivi i Samilosni	The Entirely Merciful and the Especially Merciful
Silni i Mudri	The Mighty and the Wise
Prvi i Posljednji	The First and the Last
Stvoritelj i Opskrbitelj	The Creator and the Provider
Kako počinjemo dobre i hairli poslove?	How do we begin good and blessed tasks?
Učenjem tekbira	By saying the Takbir
Izgovaranjem Euzubille i Bismille	By saying the Ta’awwudh and the Bismillah
Šta molimo učenjem Euzubille i Bismille?	What do we ask for by saying the Ta’awwudh and the Bismillah?
Da nam Allah podari mnogo imetka	That Allah gives us lots of wealth
Da nas Allah čuva i daruje nam Svoju milost	That Allah protects us and gives us His mercy
Da uvijek pobijedimo u igri	That we always win the game
Da nikada ne budemo umorni	That we never get tired
Kada trebamo učiti Euzubillu i Bismillu?	When should we say the Ta’awwudh and the Bismillah?
Samo kada učimo Kur’an	Only when we recite the Qur’an
U raznim prilikama	On many different occasions
Kada, između ostalog, učimo Euzubillu i Bismillu?	Among other times, when do we say the Ta’awwudh and the Bismillah?
Ujutro i navečer	In the morning and in the evening
Samo petkom	Only on Fridays
Samo u džamiji	Only in the mosque
Samo tokom ramazana	Only during Ramadan
Šta trebamo proučiti kada počinjemo vožnju?	What should we recite when we start a drive?
Samo dovu poslije jela	Only the du’a after eating
Samo salavat	Only salawat
Euzubillu i Bismillu	The Ta’awwudh and the Bismillah
Ne trebamo proučiti ništa	We don’t need to recite anything
Ko je najljepše Allahovo stvorenje?	What is Allah’s most beautiful creation?
Biljka	A plant
Čovjek	The human being
Planina	A mountain
Rijeka	A river
Kako trebamo živjeti na Zemlji?	How should we live on Earth?
Bez ikakvih pravila	Without any rules
Odgovorno i u pokornosti Uzvišenom Allahu	Responsibly and in obedience to Allah, the Exalted
Misleći samo na igru	Thinking only about play
Daleko od drugih ljudi	Far away from other people
Zašto su stvoreni džini i ljudi?	Why were jinn and people created?
Da se samo igraju	Only to play
Da sakupljaju bogatstvo	To collect wealth
Da putuju po svijetu	To travel around the world
Da se klanjaju Allahu	To worship Allah
Koliko približno neurona ima u ljudskom mozgu?	About how many neurons are there in the human brain?
Oko 100 biliona	About 100 billion
Oko 100 hiljada	About 100 thousand
Oko 100 miliona	About 100 million
Oko jedan milion	About one million
S kim je Mirza prvog dana došao u mekteb?	Who did Mirza come to the maktab with on the first day?
Sa svojim prijateljima	With his friends
Sam	Alone
Sa svojim roditeljima	With his parents
Sa svojim učiteljem	With his teacher
Koga su učenici upoznali u mektebu?	Who did the pupils meet at the maktab?
Svoga muallima i muallimu	Their male and female maktab teachers (mu’allim and mu’allima)
Ljekara i medicinsku sestru	A doctor and a nurse
Vozača i policajca	A driver and a police officer
Trgovca i kupca	A shopkeeper and a customer
O čemu djeca uče u mektebu?	What do children learn about at the maktab?
Samo o sportu	Only about sport
O islamskom vjerovanju, dužnostima i ponašanju	About Islamic belief, duties and good manners
Samo o računanju	Only about maths
Samo o pisanju	Only about writing
Čemu se Mirza obradovao u mektebu?	What made Mirza happy at the maktab?
Završetku nastave	The end of the lesson
Dobivanju igračke	Getting a toy
Povratku kući	Going back home
Susretu sa svojim drugovima i drugaricama	Meeting his friends, boys and girls
Kada učimo Subhaneke?	When do we recite the Subhanaka?
Poslije svakog namaza	After every prayer
Posebno na početku svakog namaza	Especially at the start of every prayer
Samo poslije selama	Only after the salam
Samo pred namaz	Only just before prayer
Kojim riječima počinje Subhaneke?	With which words does the Subhanaka begin?
El-hamdu lillāhi	Al-hamdu lillahi
Bismillāhir-Rahmānir-Rahīm	Bismillahir-Rahmanir-Rahim
Subhānekellāhumme	Subhanakallahumma
Ijjāke na‘budu	Iyyaka na’budu
Koje riječi dolaze poslije „Subhānekellāhumme“?	Which words come after “Subhanakallahumma”?
Ve tebārekesmuke	Wa tabarakasmuka
Ve lā ilāhe gajruke	Wa la ilaha ghayruka
Ve te‘ālā džedduke	Wa ta’ala jadduka
Ve bihamdike	Wa bihamdika
Šta znači izraz „Subhānekellāhumme“?	What does the phrase “Subhanakallahumma” mean?
Slava Tebi, Allahu moj	Glory be to You, O Allah
Uputi nas na Pravi put	Guide us to the straight path
Tebi se klanjamo	It is You we worship
Od Tebe pomoć tražimo	It is You we ask for help
Šta znači „ve bihamdike“?	What does “wa bihamdika” mean?
Veliko je Tvoje ime	Your name is great
Tebi je svaka hvala	All praise is Yours
Osim Tebe drugog boga nema	There is no god other than You
Ti si Vladar Sudnjega dana	You are the Ruler of the Day of Judgement
Koji dio Subhaneke znači: „Blagoslovljeno je Tvoje ime“?	Which part of the Subhanaka means: “Blessed is Your name”?
Šta znači „ve te‘ālā džedduke“?	What does “wa ta’ala jadduka” mean?
Blagoslovljeno je Tvoje ime	Blessed is Your name
Veličina Ti je nedostižna	Your majesty is beyond reach
Kojim riječima završava Subhaneke?	With which words does the Subhanaka end?
Āmīn	Amin
Ihdines-sirātal-mustekīm	Ihdinas-siratal-mustaqim
Māliki jevmid-dīn	Maliki yawmid-din
Šta znači „ve lā ilāhe gajruke“?	What does “wa la ilaha ghayruka” mean?
Tebe, Allaha, hvalimo	We praise You, O Allah
Šta dolazi poslije riječi „ve bihamdike“?	What comes after the words “wa bihamdika”?
Koji dio dolazi neposredno prije „ve lā ilāhe gajruke“?	Which part comes just before “wa la ilaha ghayruka”?
Kada je preporučeno učiti Subhaneke?	When is it recommended to recite the Subhanaka?
Na početku svakog namaza	At the start of every prayer
Samo jedanput u životu	Only once in a lifetime
Poslije svakog rekata	After every rak’ah
Koja rečenica pripada Subhaneki?	Which sentence belongs to the Subhanaka?
Koja rečenica ne pripada Subhaneki?	Which sentence does NOT belong to the Subhanaka?
Er-Rahmānir-Rahīm	Ar-Rahmanir-Rahim
Koje značenje je navedeno u prijevodu Subhaneke?	Which meaning is given in the translation of the Subhanaka?
Vladaru Dana sudnjega	Sovereign of the Day of Recompense
Šta se u Subhaneki kaže o Allahovom imenu?	What does the Subhanaka say about Allah’s name?
Da je blagoslovljeno	That it is blessed
Da ga treba spominjati	That we should mention it
Da ga znaju samo meleki	That only the angels know it
Da se izgovara samo petkom	That it is said only on Fridays
Šta potvrđujemo na kraju Subhaneke?	What do we confirm at the end of the Subhanaka?
Da je Fatiha prva sura	That Al-Fatiha is the first surah
Da osim Allaha nema drugog boga	That there is no god other than Allah
Da je namaz završen	That the prayer is finished
Da tražimo zaštitu od šejtana	That we seek refuge from Shaytan
Koji je pravilan redoslijed početnih dijelova Subhaneke?	What is the correct order of the opening parts of the Subhanaka?
Ve bihamdike – Subhānekellāhumme	Wa bihamdika – Subhanakallahumma
Ve tebārekesmuke – Ve bihamdike	Wa tabarakasmuka – Wa bihamdika
Subhānekellāhumme – Ve bihamdike	Subhanakallahumma – Wa bihamdika
Ve te‘ālā džedduke – Ve tebārekesmuke	Wa ta’ala jadduka – Wa tabarakasmuka
Koja je El-Fatiha sura u Kur’anu po redoslijedu?	In the order of the Qur’an, which surah is Al-Fatiha?
Prva	The first
Druga	The second
Sedma	The seventh
Posljednja	The last
Kako se zove prva sura u Kur’anu?	What is the name of the first surah in the Qur’an?
El-Kevser	Al-Kawthar
Kojim riječima tražimo Allahovu zaštitu od prokletog šejtana?	With which words do we seek Allah’s refuge from the accursed Shaytan?
El-hamdu lillāhi Rabbil-‘ālemīn	Al-hamdu lillahi Rabbil-’alamin
E‘ūzu billāhi mineš-šejtānir-radžīm	A’udhu billahi minash-shaytanir-rajim
Ijjāke na‘budu ve ijjāke neste‘īn	Iyyaka na’budu wa iyyaka nasta’in
Šta znači „E‘ūzu billāhi mineš-šejtānir-radžīm“?	What does “A’udhu billahi minash-shaytanir-rajim” mean?
U ime Allaha, Milostivog, Samilosnog	In the name of Allah, the Entirely Merciful, the Especially Merciful
Kako glasi Bismilla?	What are the words of the Bismillah?
Šta znači Bismilla?	What does the Bismillah mean?
Kojim riječima počinje Fatiha poslije Bismille?	With which words does Al-Fatiha begin after the Bismillah?
Šta znači „El-hamdu lillāhi Rabbil-‘ālemīn“?	What does “Al-hamdu lillahi Rabbil-’alamin” mean?
Tebe, Allaha, Gospodara svjetova, hvalimo	All praise is due to Allah, Lord of the worlds
Koje Allahove osobine spominjemo riječima „Er-Rahmānir-Rahīm“?	Which of Allah’s attributes do we mention with the words “Ar-Rahmanir-Rahim”?
Snažni i Silni	The Strong and the Mighty
Šta znači „Māliki jevmid-dīn“?	What does “Maliki yawmid-din” mean?
Gospodar svjetova	Lord of the worlds
Vladar Dana sudnjega	Sovereign of the Day of Recompense (Judgement)
Uputitelj na Pravi put	The One who guides to the straight path
Koje riječi znače: „Tebi se klanjamo i od Tebe pomoć tražimo“?	Which words mean: “It is You we worship and You we ask for help”?
Sirātallezīne en‘amte ‘alejhim	Siratal-ladhina an’amta ’alayhim
Od koga tražimo pomoć u Fatihi?	Who do we ask for help in Al-Fatiha?
Od ljudi	People
Od meleka	The angels
Od poslanika	The prophets
Od Allaha	Allah
Šta molimo riječima „Ihdines-sirātal-mustekīm“?	What do we ask for with the words “Ihdinas-siratal-mustaqim”?
Da nas Allah uputi na Pravi put	That Allah guides us to the straight path
Da nam podari bogatstvo	That He gives us wealth
Da napravimo	That we build things
Kako glasi dio Fatihe koji znači „Uputi nas na Pravi put“?	Which part of Al-Fatiha means “Guide us to the straight path”?
Na čiji put molimo Allaha da nas uputi?	Whose path do we ask Allah to guide us to?
Na put najbogatijih ljudi	The path of the richest people
Na put svih vladara	The path of all rulers
Na put onih kojima je Allah milost darovao	The path of those Allah has blessed with His favour
Na put onih koji su zalutali	The path of those who are astray
Šta znači „Sirātallezīne en‘amte ‘alejhim“?	What does “Siratal-ladhina an’amta ’alayhim” mean?
Put onih koji su zalutali	The path of those who are astray
Put onih koji su izazvali srdžbu	The path of those who have earned Allah’s anger
Put onih kojima je Allah Svoju milost darovao	The path of those upon whom Allah has bestowed His favour
Čiji put ne želimo slijediti prema završetku Fatihe?	According to the end of Al-Fatiha, whose path do we NOT want to follow?
Put onih koji su izazvali srdžbu i onih koji su zalutali	The path of those who have earned Allah’s anger and of those who are astray
Put dobrih ljudi	The path of good people
Put Allahovih poslanika	The path of Allah’s messengers
Put zahvalnih vjernika	The path of grateful believers
Kojom riječju završavamo učenje Fatihe?	With which word do we finish reciting Al-Fatiha?
Šta znači riječ „Āmīn“?	What does the word “Amin” mean?
Slava Allahu	Glory be to Allah
Allahu, uslišaj našu dovu	O Allah, answer our du’a
Tražim zaštitu od šejtana	I seek refuge from Shaytan
Zašto je El-Fatiha posebno važna?	Why is Al-Fatiha especially important?
Uči se samo petkom	It is recited only on Fridays
Najduža je kur’anska sura	It is the longest surah of the Qur’an
Uči se samo na Bajramu	It is recited only on Eid
Najbolja je dova i učimo je u namazu	It is the best du’a and we recite it in Salah
Kako je Fatiha opisana na slici?	How is Al-Fatiha described in the picture?
Kao najbolja dova	As the best du’a
Kao najduža sura	As the longest surah
Kao posljednja sura	As the last surah
Kao dova koja se ne uči u namazu	As a du’a that is not recited in Salah
Šta je preporučeno reći u svakoj prilici?	What is it recommended to say on every occasion?
El-hamdu lillāh – hvala Allahu	Al-hamdu lillah – praise be to Allah
Koja rečenica dolazi poslije „El-hamdu lillāhi Rabbil-‘ālemīn“?	Which sentence comes after “Al-hamdu lillahi Rabbil-’alamin”?
Koja rečenica dolazi neposredno poslije „Māliki jevmid-dīn“?	Which sentence comes right after “Maliki yawmid-din”?
Koja rečenica dolazi poslije „Ijjāke na‘budu ve ijjāke neste‘īn“?	Which sentence comes after “Iyyaka na’budu wa iyyaka nasta’in”?
Šta u Fatihi govorimo o Allahu?	What do we say about Allah in Al-Fatiha?
Da je Gospodar samo jednog naroda	That He is the Lord of only one nation
Da je Gospodar svjetova	That He is the Lord of the worlds
Da je stvorio samo ljude	That He created only people
Da pomoć tražimo od drugih	That we ask others for help
Koja rečenica ne pripada suri El-Fatihi?	Which sentence does NOT belong to Surah Al-Fatiha?
Koji dio Fatihe govori o Sudnjem danu?	Which part of Al-Fatiha speaks about the Day of Judgement?
Šta nas riječi „Ijjāke na‘budu“ uče?	What do the words “Iyyaka na’budu” teach us?
Da se samo Allahu klanjamo	That we worship only Allah
Da se klanjamo ljudima	That we worship people
Da pomoć tražimo od kipova	That we ask statues for help
Da namaz nije obavezan	That Salah is not compulsory
Koja je glavna molba u suri El-Fatihi?	What is the main request in Surah Al-Fatiha?
Molba za veliko bogatstvo	A request for great wealth
Molba da nas Allah uputi na Pravi put	A request that Allah guides us to the straight path
Molba da nikada ne radimo	A request that we never work
Molba za dug život bez iskušenja	A request for a long life without any trials
Šta znači riječ „din“?	What does the word “din” mean?
Vjera	Religion
Čistoća	Cleanliness
Post	Fasting
Šta znači riječ „šart“?	What does the word “shart” mean?
Uvjet	A condition
Nagrada	A reward
Obaveza	A duty
Šta su dinski šarti?	What are the dini sharts (conditions of the religion)?
Samo uvjeti za namaz	Only the conditions for Salah
Pravila lijepog ponašanja	Rules of good manners
Uvjeti i radnje koje treba ispuniti svaka punoljetna osoba za potpunost vjerovanja	Conditions and actions every adult must fulfil for complete faith
Samo imanski šarti	Only the pillars of Iman
Koliko ukupno ima dinskih šarta?	How many dini sharts are there altogether?
25	25
30	30
32	32
33	33
Koliko ima imanskih šarta?	How many pillars of Iman (faith) are there?
5	5
6	6
4	4
3	3
Koliko ima islamskih šarta?	How many pillars of Islam are there?
12	12
Koliko ima abdeskih šarta?	How many sharts (fard parts) of wudu (ablution) are there?
Koliko ima tejemumskih šarta?	How many sharts of tayammum are there?
Koliko ima gusulskih šarta?	How many sharts of ghusl are there?
Koliko ima namaskih šarta?	How many sharts of Salah are there?
10	10
Koja grupa dinskih šarta ima najveći broj šarta?	Which group of dini sharts has the most sharts?
Imanski	Iman
Islamski	Islam
Namaski	Salah
Abdeski	Wudu
Koja od navedenih grupa ima šest šarta?	Which of these groups has six sharts?
Gusulski	Ghusl
Tejemumski	Tayammum
Koja grupa ima pet šarta?	Which group has five sharts?
Islamski šarti	The pillars of Islam
Imanski šarti	The pillars of Iman
Gusulski šarti	The sharts of ghusl
Tejemumski šarti	The sharts of tayammum
Koja grupa ima četiri šarta?	Which group has four sharts?
Koje dvije grupe imaju po tri šarta?	Which two groups have three sharts each?
Imanski i islamski	Iman and Islam
Abdeski i namaski	Wudu and Salah
Tejemumski i gusulski	Tayammum and ghusl
Islamski i gusulski	Islam and ghusl
Koliko zajedno imaju imanski i islamski šarti?	How many do the pillars of Iman and the pillars of Islam have together?
9	9
11	11
Koliko zajedno imaju abdeski i gusulski šarti?	How many do the sharts of wudu and ghusl have together?
7	7
8	8
Koliko zajedno imaju tejemumski i gusulski šarti?	How many do the sharts of tayammum and ghusl have together?
Koliko zajedno imaju namaski i islamski šarti?	How many do the sharts of Salah and the pillars of Islam have together?
15	15
16	16
17	17
18	18
Koliko je namaskih šarta više od imanskih?	How many more sharts of Salah are there than pillars of Iman?
Šta je ihsan?	What is ihsan?
Najveći stupanj svijesti o Uzvišenom Allahu	The highest level of awareness of Allah, the Exalted
Vrsta namaza	A type of prayer
Vrsta posta	A type of fast
Jedan od abdeskih šarta	One of the sharts of wudu
Kako se u objašnjava ihsan?	How is ihsan explained?
Da Allaha spominjemo samo poslije namaza	That we mention Allah only after Salah
Da Uzvišenog Allaha vidimo, jer ako mi Njega ne vidimo, On vidi nas	That we worship Allah as if we see Him, because even if we do not see Him, He sees us
Da učimo samo noću	That we study only at night
Da govorimo samo o dobrim djelima	That we talk only about good deeds
Ko nas uvijek vidi, iako mi Njega ne vidimo?	Who always sees us, even though we do not see Him?
Melek	An angel
Roditelji	Parents
Na šta nas uvjerenje u ihsan motivira?	What does believing in ihsan motivate us to do?
Samo na učenje	Only to study
Samo na post	Only to fast
Samo na pomaganje drugima	Only to help others
Na ustrajnost u izvršavanju dinskih šartova	To keep steadily fulfilling the dini sharts
Ko treba ispunjavati dinske šarte ?	Who must fulfil the dini sharts?
Svaka punoljetna osoba	Every adult
Samo djeca	Only children
Samo imami	Only imams
Samo starije osobe	Only older people
Za šta je potrebno ispunjavanje dinskih šarta?	What is fulfilling the dini sharts needed for?
Za putovanje	For travelling
Za potpunost vjerovanja	For complete faith
Za školovanje	For schooling
Za trgovinu	For trade
Koji niz brojeva odgovara broju imanskih, islamskih i abdeskih šarta?	Which set of numbers matches the number of the pillars of Iman, pillars of Islam and sharts of wudu?
6, 5, 4	6, 5, 4
5, 6, 3	5, 6, 3
6, 4, 5	6, 4, 5
12, 6, 4	12, 6, 4
Koji niz obuhvata broj svih šest grupa dinskih šarta iz lekcije?	Which set of numbers gives all six groups of dini sharts from the lesson?
5, 6, 4, 4, 3, 11	5, 6, 4, 4, 3, 11
6, 5, 4, 3, 3, 12	6, 5, 4, 3, 3, 12
6, 5, 5, 3, 4, 10	6, 5, 5, 3, 4, 10
6, 4, 4, 3, 3, 12	6, 4, 4, 3, 3, 12
Koji je četvrti namaski šart?	What is the fourth shart of Salah?
Propisno se obući	Dressing properly
Namaz klanjati na vrijeme	Praying on time
Uzeti abdest	Making wudu
Okrenuti se prema Kibli	Facing the Qiblah
Šta znači četvrti namaski šart?	What does the fourth shart of Salah mean?
Da svaki namaz klanjamo u propisano vrijeme	That we pray every prayer at its set time
Da svaki namaz klanjamo u džamiji	That we pray every prayer in the mosque
Da klanjamo samo ujutro	That we pray only in the morning
Da klanjamo samo navečer	That we pray only in the evening
Koliko ima namaskih vremena, odnosno dnevnih namaza?	How many prayer times, that is daily prayers, are there?
Šest	Six
Pet	Five
Koji je prvi dnevni namaz?	What is the first daily prayer?
Podne	Dhuhr
Ikindija	Asr
Sabah	Fajr
Akšam	Maghrib
Kako se još opisuje sabah-namaz?	How else is the Fajr prayer described?
Jutarnji namaz	The morning prayer
Dnevni namaz	The midday prayer
Večernji namaz	The evening prayer
Noćni namaz	The night prayer
Koji je drugi dnevni namaz?	What is the second daily prayer?
Jacija	Isha
Kako se opisuje podne-namaz?	How is the Dhuhr prayer described?
Koji je treći dnevni namaz?	What is the third daily prayer?
Koji namaz dolazi poslije ikindije?	Which prayer comes after Asr?
Kako se opisuje akšam-namaz?	How is the Maghrib prayer described?
Podnevni namaz	The noon prayer
Koji je peti dnevni namaz?	What is the fifth daily prayer?
Kako se opisuje jacija-namaz?	How is the Isha prayer described?
Koji je pravilan redoslijed pet dnevnih namaza?	What is the correct order of the five daily prayers?
Sabah, podne, ikindija, akšam, jacija	Fajr, Dhuhr, Asr, Maghrib, Isha
Sabah, ikindija, podne, jacija, akšam	Fajr, Asr, Dhuhr, Isha, Maghrib
Podne, sabah, ikindija, akšam, jacija	Dhuhr, Fajr, Asr, Maghrib, Isha
Sabah, podne, akšam, ikindija, jacija	Fajr, Dhuhr, Maghrib, Asr, Isha
Ko oglašava početak namaskog vremena?	Who announces the start of a prayer time?
Imam učenjem Kur'ana	The imam, by reciting the Qur’an
Mujezin učenjem ezana	The mu’adhin, by calling the Adhan
Džemat učenjem dove	The congregation, by making du’a
Hatib učenjem hutbe	The khatib, by giving the khutbah
Gdje možemo provjeriti tačno utvrđeno vrijeme namaza?	Where can we check the exact prayer times?
Samo na satu	Only on a clock
U bilo kojoj knjizi	In any book
U školskom kalendaru	In the school calendar
U godišnjem islamskom kalendaru – Takvimu	In the yearly Islamic calendar – the Takvim (prayer timetable)
Kada se namaz ne može klanjati?	When can Salah NOT be prayed?
Kada pada kiša	When it is raining
Kada je hladno	When it is cold
Kada Sunce izlazi	When the Sun is rising
Kada je oblačno	When it is cloudy
Kada se još namaz ne može klanjati?	When else can Salah NOT be prayed?
Kada je Sunce na sredini neba	When the Sun is in the middle of the sky
Poslije podne-namaza	After the Dhuhr prayer
Poslije akšama	After Maghrib
Prije jacije	Before Isha
Koje je još vrijeme u kojem se namaz ne može klanjati?	What is another time when Salah cannot be prayed?
Kada Sunce izađe	When the Sun has come up
Kada Sunce zalazi	When the Sun is setting
Poslije jacije	After Isha
Prije podne	Before noon
Kada je pokuđeno – mekruh klanjati?	When is it disliked (makruh) to pray?
Dva sata poslije izlaska Sunca	Two hours after sunrise
Samo poslije jacije	Only after Isha
Samo prije sabaha	Only before Fajr
Oko 45 minuta poslije izlaska Sunca	About 45 minutes after sunrise
Koliko prije zalaska Sunca je pokuđeno klanjati, osim ikindije toga dana?	How long before sunset is it disliked to pray, except for that day’s Asr?
Oko 10 minuta	About 10 minutes
Oko 20 minuta	About 20 minutes
Oko 45 minuta	About 45 minutes
Oko 90 minuta	About 90 minutes
Koji je peti namaski šart?	What is the fifth shart of Salah?
Nijet učiniti	Making the niyyah (intention)
Okrenuti se prema Kibli – Kabi	Facing the Qiblah – the Ka’bah
Šta je Kibla?	What is the Qiblah?
Smjer u kojem se nalazi Kaba	The direction of the Ka’bah
Mjesto za uzimanje abdesta	The place for making wudu
Džamijski harem	The mosque courtyard
Poziv za namaz	The call to prayer
Gdje se nalazi Kaba?	Where is the Ka’bah?
U Damasku	In Damascus
U kojoj državi se nalazi Kaba?	In which country is the Ka’bah?
Egiptu	Egypt
Turskoj	Turkey
Jordanu	Jordan
Saudijskoj Arabiji	Saudi Arabia
Prema čemu se muslimani širom svijeta okreću kada klanjaju namaz?	What do Muslims all over the world face when they pray?
Prema Kabi	The Ka’bah
Prema najbližoj džamiji	The nearest mosque
Prema izlasku Sunca	The sunrise
Prema Medini	Madinah
Šta je Kaba?	What is the Ka’bah?
Najviša džamijska munara	The tallest mosque minaret
Najčasniji Allahov hram	Allah’s most honoured House of worship
Kuća u Medini	A house in Madinah
Planina kod Meke	A mountain near Makkah
Kakvog je oblika Kaba?	What shape is the Ka’bah?
Okruglog	Round
Trouglastog	Triangular
Oblika kocke	A cube
Oblika piramide	A pyramid
Šta se nalazi u jednom uglu Kabe?	What is in one corner of the Ka’bah?
Mimbera	The minbar
Mihrab	The mihrab
Izvor Zemzem	The Zamzam spring
Crni kamen – Hadžerul-esved	The Black Stone – al-Hajar al-Aswad
Čime se Kaba svake godine prekriva?	What is the Ka’bah covered with every year?
Crnim prekrivačem na kojem su ispisani kur'anski ajeti	A black cover with ayahs of the Qur’an written on it
Bijelim platnom bez natpisa	A white cloth with no writing
Zelenim prekrivačem	A green cover
Zlatnim platnom	A golden cloth
Kako se zove sveti prostor oko Kabe?	What is the sacred area around the Ka’bah called?
Mesdžidul-Aksa	Al-Masjid al-Aqsa
Haremi-šerif	Al-Haram ash-Sharif
Revda	The Rawdah
Mina	Mina
Šta muslimani obavljaju oko Kabe za vrijeme hadža?	What do Muslims do around the Ka’bah during Hajj?
Samo uče ezan	They only call the Adhan
Samo sjede i odmaraju	They only sit and rest
Namaze, uče Kur'an i čine tavaf	They pray, recite the Qur’an and do tawaf
Samo klanjaju sabah	They only pray Fajr
U kojem smjeru je Kibla iz naše zemlje ?	In which direction is the Qiblah from North America?
Istočno	East
Južno	South
Sjeverozapadno	Northwest
Jugoistočno	Northeast
Šta trebamo učiniti ako ne znamo u kojem je smjeru Kibla?	What should we do if we don’t know which direction the Qiblah is?
Istražiti i zatim se okrenuti u smjeru za koji mislimo da je Kibla	Find out, then face the direction we think is the Qiblah
Ne klanjati namaz	Not pray at all
Uvijek se okrenuti prema istoku	Always face east
Okrenuti se prema najbližem prozoru	Face the nearest window
Prema čemu nije dozvoljeno namjerno klanjati?	What is it not allowed to face on purpose when praying?
Prema zidu	A wall
Prema figurama, slici ili fotografiji osobe ili životinje	Statues, or a picture or photo of a person or an animal
Prema vratima	A door
Prema prozoru	A window
Kojim uređajem možemo odrediti smjer Kible?	Which device can we use to find the direction of the Qiblah?
Termometrom	A thermometer
Kalkulatorom	A calculator
Kompasom ili GPS uređajem	A compass or a GPS device
Vagom	Scales
Šta nam na mobilnom telefonu može pokazati tačan smjer Kible?	What on a mobile phone can show us the exact direction of the Qiblah?
Kamera	The camera
Galerija	The photo gallery
Kalkulator	The calculator
Aplikacija za određivanje Kible	A Qiblah-finder app
Šta pokazuje pravac Kible kod Kibla-sata?	With a Qiblah clock, what shows the direction of the Qiblah?
Pravac nasuprot sjene posmatranog predmeta	The direction opposite the shadow of the object
Pravac same sjene	The direction of the shadow itself
Uvijek pravac izlaska Sunca	Always the direction of sunrise
Uvijek pravac sjevera	Always the direction of north
Na kojoj strani stabla su krošnje drveća bujnije ?	On which side of a tree are the leaves and branches thicker?
Na sjevernoj	On the north side
Na južnoj	On the south side
Na istočnoj	On the east side
Na zapadnoj	On the west side
Na kojoj strani drveća je kora hrapavija i prekrivena mahovinom?	On which side of a tree is the bark rougher and covered with moss?
Na kojoj strani panja, kamena ili grma možemo pronaći mravinjak ?	On which side of a tree stump, rock or bush can we find an anthill?
Koja je sura posljednja sura u Kur'anu?	Which surah is the last surah in the Qur’an?
El-Felek	Al-Falaq
Kako počinje sura En-Nas?	How does Surah An-Nas begin?
Allahus-Samed	Allahus-Samad
Kul e'uzu birabbin-nas	Qul a’udhu birabbin-nas
Kul huvallahu ehad	Qul huwallahu ahad
Min šerri ma halek	Min sharri ma khalaq
Šta znači „Kul e'uzu birabbin-nas“?	What does “Qul a’udhu birabbin-nas” mean?
Reci: Allah je Jedan	Say: Allah is One
Reci: Hvala Allahu	Say: Praise be to Allah
Reci: Utječem se Gospodaru svitanja	Say: I seek refuge in the Lord of daybreak
Reci: Tražim zaštitu Gospodara ljudi	Say: I seek refuge in the Lord of mankind
Kako glasi drugi ajet sure En-Nas?	What is the second ayah of Surah An-Nas?
Melikin-nas	Malikin-nas
Ilahin-nas	Ilahin-nas
Minel-džinneti ven-nas	Minal-jinnati wan-nas
Min šerril-vesvasil-hannas	Min sharril-waswasil-khannas
Šta znači „Melikin-nas“?	What does “Malikin-nas” mean?
Gospodar ljudi	The Lord of mankind
Vladar ljudi	The Sovereign of mankind
Zaštitnik ljudi	The Protector of mankind
Stvoritelj nebesa	The Creator of the heavens
Kako glasi treći ajet sure En-Nas?	What is the third ayah of Surah An-Nas?
Fi sudurin-nas	Fi sudurin-nas
Šta znači „Ilahin-nas“?	What does “Ilahin-nas” mean?
Bog ljudi	The God of mankind
Od čijeg zla u suri En-Nas tražimo Allahovu zaštitu?	In Surah An-Nas, whose evil do we seek Allah’s refuge from?
Od zla šejtana – napasnika	From the evil of Shaytan – the whisperer
Od hladnoće	From the cold
Od životinja	From animals
Od putovanja	From travelling
Gdje šejtan unosi zle misli?	Where does Shaytan put evil thoughts?
U kuće ljudi	Into people’s houses
U srca ljudi	Into people’s hearts
U njihovu odjeću	Into their clothes
U njihove knjige	Into their books
Kako glasi završetak sure En-Nas?	How does Surah An-Nas end?
Ve min šerri hasidin iza hased	Wa min sharri hasidin idha hasad
Lem jelid ve lem juled	Lam yalid wa lam yulad
Od koga mogu dolaziti zle misli spomenute u završetku sure Nas?	According to the end of Surah An-Nas, who can evil thoughts come from?
Samo od ljudi	Only from people
Samo od džina	Only from jinn
Samo od šejtana	Only from Shaytan
Od džina i od ljudi	From jinn and from people
Šta znači „E'uzu billahi mineš-šejtanir-radžim“?	What does “A’udhu billahi minash-shaytanir-rajim” mean?
Allah je Jedan	Allah is One
Šta su namaski šarti?	What are the sharts of Salah?
Uvjeti koje trebamo ispuniti da bi nam namaz bio ispravan	Conditions we must fulfil for our Salah to be valid
Dobrovoljni dijelovi namaza	Voluntary parts of Salah
Dove poslije namaza	Du’as after Salah
Vrste namaza	Types of Salah
Koliko ukupno ima namaskih šarta?	How many sharts of Salah are there altogether?
14	14
Kako se dijele namaski šarti?	How are the sharts of Salah divided?
Na četiri uvjeta i osam ruknova	Into four conditions and eight arkan
Na šest namaskih uvjeta i šest namaskih ruknova	Into six conditions of Salah and six arkan (pillars) of Salah
Na pet uvjeta i sedam ruknova	Into five conditions and seven arkan
Na tri uvjeta i devet ruknova	Into three conditions and nine arkan
Kako nazivamo šest šarta prije klanjanja namaza?	What do we call the six sharts before praying Salah?
Namaski ruknovi	The arkan of Salah
Farzovi abdesta	The fard parts of wudu
Sunneti namaza	The Sunnahs of Salah
Namaski uvjeti ili pripreme za namaz	The conditions of Salah, or preparations for Salah
Koliko ima namaskih uvjeta – priprema za namaz?	How many conditions of Salah – preparations for Salah – are there?
Koliko ima namaskih ruknova?	How many arkan (pillars) of Salah are there?
Koji je prvi namaski uvjet?	What is the first condition of Salah?
Da budu čisti tijelo, odjeća i mjesto za klanjanje	That the body, the clothes and the place of prayer are clean
Na vrijeme klanjati	Praying on time
Šta je drugi namaski uvjet?	What is the second condition of Salah?
Biti propisno obučen	Being properly dressed
Uzeti abdest ili, po potrebi, okupati se ili učiniti tejemum	Making wudu, or if needed, taking a ghusl or making tayammum
Koji je treći namaski uvjet?	What is the third condition of Salah?
Koji je četvrti namaski uvjet?	What is the fourth condition of Salah?
Prema Kibli se okrenuti	Turning towards the Qiblah
Koji je peti namaski uvjet?	What is the fifth condition of Salah?
Koji je šesti namaski uvjet?	What is the sixth condition of Salah?
Nijet učiniti – odlučiti klanjati namaz	Making the niyyah – deciding to pray Salah
Šta znači učiniti nijet za namaz?	What does making the niyyah for Salah mean?
Odlučiti klanjati namaz	Deciding to pray Salah
Proučiti ezan	Calling the Adhan
Šta možemo učiniti ako se po potrebi ne možemo abdestiti?	What can we do if, when needed, we cannot make wudu?
Preskočiti namaz	Skip the prayer
Učiniti tejemum	Make tayammum
Samo oprati ruke	Just wash our hands
Klanjati bez ikakve pripreme	Pray without any preparation
Kako nazivamo šest namaskih šarta u toku namaza?	What do we call the six sharts during Salah?
Namaski uvjeti	The conditions of Salah
Sunneti	Sunnahs
Namaski ruknovi ili sastavni dijelovi namaza	The arkan of Salah, or the essential parts of Salah
Dove	Du’as
Koji je prvi namaski rukn?	What is the first rukn (pillar) of Salah?
Kijam	Qiyam
Ruku'	Ruku’
Sedžda	Sajdah
Iftitahi-tekbir – početni tekbir	Iftitah takbir – the opening takbir
Šta je iftitahi-tekbir?	What is the iftitah takbir?
Početni tekbir	The opening takbir
Stajanje u namazu	Standing in Salah
Pregibanje u namazu	Bowing in Salah
Sjedenje na kraju namaza	Sitting at the end of Salah
Koji je drugi namaski rukn?	What is the second rukn of Salah?
Kiraet	Qira’ah
Šta znači kijam?	What does qiyam mean?
Učenje Kur'ana	Reciting the Qur’an
Pregibanje	Bowing
Sjedenje	Sitting
Koji je treći namaski rukn?	What is the third rukn of Salah?
Šta je kiraet?	What is qira’ah?
Učenje Kur'ana u namazu	Reciting the Qur’an in Salah
Spuštanje lica na tlo	Putting the face down on the ground
Koji je četvrti namaski rukn?	What is the fourth rukn of Salah?
Šta je ruku'?	What is ruku’?
Koji je peti namaski rukn?	What is the fifth rukn of Salah?
Šta je sedžda?	What is sajdah?
Koji je šesti namaski rukn?	What is the sixth rukn of Salah?
Kadei-ehire	Qa’dah akhirah
Šta znači kadei-ehire?	What does qa’dah akhirah mean?
Koji je pravilan redoslijed prvih triju namaskih ruknova?	What is the correct order of the first three arkan of Salah?
Kijam, ruku', sedžda	Qiyam, ruku’, sajdah
Kiraet, kijam, ruku'	Qira’ah, qiyam, ruku’
Sedžda, kijam, kiraet	Sajdah, qiyam, qira’ah
Iftitahi-tekbir, kijam, kiraet	Iftitah takbir, qiyam, qira’ah
Koji je pravilan redoslijed posljednja tri namaska rukna?	What is the correct order of the last three arkan of Salah?
Ruku', sedžda, kadei-ehire	Ruku’, sajdah, qa’dah akhirah
Sedžda, ruku', kijam	Sajdah, ruku’, qiyam
Kiraet, sedžda, ruku'	Qira’ah, sajdah, ruku’
Kada namaz nije ispravan?	When is Salah NOT valid?
Ako se klanja u džamiji	If it is prayed in the mosque
Bez ispunjavanja svih namaskih šarta	Without fulfilling all the sharts of Salah
Ako se uči Kur'an	If the Qur’an is recited
Ako se klanja na vrijeme	If it is prayed on time
Koji je šesti namaski šart?	What is the sixth shart of Salah?
Šta je nijet?	What is niyyah?
Svjesna odluka u srcu zašto i zbog čega nešto činimo	A conscious decision in the heart about why and for what we do something
Učenje ezana	Calling the Adhan
Okretanje prema Kibli	Turning towards the Qiblah
Uzimanje abdesta	Making wudu
Čega trebamo biti svjesni prije namaza?	What should we be aware of before Salah?
Koliko namaz traje	How long the prayer lasts
Ko je pored nas	Who is next to us
Koji namaz želimo klanjati	Which prayer we want to pray
Ko je proučio ezan	Who called the Adhan
Šta je Muhammed, alejhis-selam, rekao o djelima i namjerama?	What did Muhammad, alayhis-salam, say about deeds and intentions?
Djela se cijene prema bogatstvu	Deeds are judged by wealth
Djela se cijene prema znanju	Deeds are judged by knowledge
Djela se cijene prema vremenu	Deeds are judged by time
Djela se cijene prema namjerama i svakom čovjeku pripada ono što je naumio	Deeds are judged by intentions, and every person gets what they intended
Kako možemo ojačati i izgovaranjem potvrditi nijet?	How can we strengthen and confirm our niyyah by saying it?
Odluku u srcu možemo ojačati izgovaranjem riječi nijeta	We can strengthen the decision in our heart by saying the words of the niyyah
Učenjem ikameta	By saying the Iqamah
Okretanjem prema Kibli	By turning towards the Qiblah
Da li svaki namaz ima poseban nijet?	Does every prayer have its own niyyah?
Samo sabah ima poseban nijet	Only Fajr has its own niyyah
Da, svaki namaz ima poseban nijet	Yes, every prayer has its own niyyah
Samo farzovi imaju nijet	Only the fard prayers have a niyyah
Ne, svi namazi imaju isti nijet	No, all prayers have the same niyyah
Na koga trebamo misliti prilikom izgovaranja nijeta?	Who should we think of when saying the niyyah?
Na druge klanjače	The other people praying
Na mujezina	The mu’adhin
Na Uzvišenog Allaha	Allah, the Exalted
Na svoje obaveze	Our chores
Koji je Poslanikov ashab sanjao čovjeka u zelenoj odjeći?	Which Companion of the Prophet dreamt of a man in green clothes?
Bilal	Bilal
Šta je Abdullah u snu želio kupiti od čovjeka?	In the dream, what did Abdullah want to buy from the man?
Zeleno odijelo	A green suit
Knjigu	A book
Zvono	A bell
Mač	A sword
Za šta je Abdullah želio koristiti zvono?	What did Abdullah want to use the bell for?
Za oglašavanje namaskog vremena i pozivanje na namaz u džamiju	To announce the prayer time and call people to prayer in the mosque
Za pozivanje na ručak	To call people to lunch
Za početak nastave	To start lessons
Za buđenje djece	To wake the children up
Šta je čovjek iz sna predložio Abdullahu umjesto zvona?	Instead of the bell, what did the man in the dream offer Abdullah?
Da zapali svjetiljku	To light a lamp
Da udari u bubanj	To beat a drum
Da podigne zastavu	To raise a flag
Da ga pouči nečemu ljepšem – ezanu	To teach him something more beautiful – the Adhan
Koga je Abdullah obavijestio o svom snu?	Who did Abdullah tell about his dream?
Muhammeda, alejhis-selam	Muhammad, alayhis-salam
Samo svoju porodicu	Only his family
Ebu Bekra	Abu Bakr
Svog prijatelja	His friend
Šta je Muhammed, alejhis-selam, rekao za Abdullahov san?	What did Muhammad, alayhis-salam, say about Abdullah’s dream?
Da ga zaboravi	That he should forget it
Da je san istinit	That the dream was true
Da ga nikome ne priča	That he should not tell anyone
Da ponovo zaspi	That he should go back to sleep
Kome je Abdullah trebao otići i naučiti ga riječima ezana?	Who was Abdullah supposed to go to and teach the words of the Adhan?
Omeru	Umar
Aliji	Ali
Bilalu	Bilal
Osmanu	Uthman
Zašto je Bilal odabran da uči ezan?	Why was Bilal chosen to call the Adhan?
Jer je bio najstariji	Because he was the oldest
Jer je stanovao blizu džamije	Because he lived near the mosque
Jer je prvi čuo san	Because he heard about the dream first
Jer je imao lijep glas	Because he had a beautiful voice
Kada Uzvišeni Allah daje posebnu milost ?	When does Allah, the Exalted, give special mercy?
Kada mujezin uči ezan	When the mu’adhin calls the Adhan
Kada ljudi putuju	When people travel
Kada djeca uče	When children study
Šta trebamo učiniti kada čujemo ezan?	What should we do when we hear the Adhan?
Glasno razgovarati	Talk loudly
Prekinuti svoje aktivnosti i pripremiti se za namaz	Stop what we are doing and get ready for Salah
Nastaviti posao bez prekida	Carry on working without stopping
Izaći iz džamije	Leave the mosque
Šta ponavljamo za mujezinom dok uči ezan?	What do we repeat after the mu’adhin while he calls the Adhan?
Samo tekbir	Only the takbir
Samo šehadet	Only the Shahadah
Riječi ezana	The words of the Adhan
Samo posljednju rečenicu	Only the last sentence
Šta izgovaramo kada mujezin prouči „Hajje ales-salah“ i „Hajje alel-felah“?	What do we say when the mu’adhin calls “Hayya ’alas-salah” and “Hayya ’alal-falah”?
La havle ve la kuvvete illa billahil-azijjil-azim	La hawla wa la quwwata illa billahil-’aliyyil-’azim
Kada učimo dovu poslije ezana?	When do we say the du’a after the Adhan?
Kada mujezin završi učenje ezana	When the mu’adhin finishes the Adhan
Prije početka ezana	Before the Adhan starts
Usred ezana	In the middle of the Adhan
Poslije završetka namaza	After the prayer is finished
Kojim riječima počinje dova poslije ezana ?	With which words does the du’a after the Adhan begin?
Rabbena atina	Rabbana atina
Allahumme Rabbe hazihid-da'vetit-tammeti	Allahumma Rabba hadhihid-da’watit-tammati
Subhaneke Allahumme	Subhanaka Allahumma
E'uzu billahi mineš-šejtanir-radžim	A’udhu billahi minash-shaytanir-rajim
Za koga u dovi poslije ezana molimo poseban stepen u Džennetu?	In the du’a after the Adhan, who do we ask a special rank in Jannah for?
Za mujezina	For the mu’adhin
Za sve ljude	For all people
Za Muhammeda, alejhis-selam	For Muhammad, alayhis-salam
Za muktedije	For the people praying behind the imam
Šta molimo Allaha da podari Muhammedu, alejhis-selam poslije ezana?	After the Adhan, what do we ask Allah to give Muhammad, alayhis-salam?
Samo dug život	Only a long life
Veliko bogatstvo	Great wealth
Mnogo sljedbenika	Many followers
Poseban stepen u Džennetu i svako dobro	A special rank in Jannah and every good
Kako završava prijevod dove poslije ezana?	How does the translation of the du’a after the Adhan end?
„Ti sve vidiš i sve znaš!“	“You see everything and know everything!”
„Ti, zaista, nećeš iznevjeriti obećanje!“	“Truly, You never break Your promise!”
„Ti si Milostivi i Samilosni!“	“You are the Entirely Merciful, the Especially Merciful!”
„Ti si Gospodar svih ljudi!“	“You are the Lord of all people!”
Šta je ezan?	What is the Adhan?
Dova poslije namaza	A du’a after Salah
Oglašavanje početka namaskog vremena	The announcement that a prayer time has begun
Učenje Kur'ana prije namaza	Reciting the Qur’an before Salah
Pozdrav poslije namaza	A greeting after Salah
Ko uči ezan?	Who calls the Adhan?
Mujezin	The mu’adhin
Hatib	The khatib
Svaki klanjač istovremeno	Everyone praying, all at once
Samo imam	Only the imam
Kako se ponašamo kada čujemo učenje ezana?	How do we behave when we hear the Adhan?
Nastavimo razgovarati	We keep talking
Učimo neku drugu dovu	We say some other du’a
Prekidamo svaki govor i posao i pratimo učenje ponavljajući riječi ezana u sebi	We stop all talking and work and follow along, repeating the words of the Adhan quietly
Odmah počinjemo klanjati	We start praying straight away
Kojim riječima počinje ezan?	With which words does the Adhan begin?
Hajje ales-salah	Hayya ’alas-salah
Šta znači „Allahu ekber“?	What does “Allahu akbar” mean?
Samo je Allah Bog	Only Allah is God
Dođi na namaz	Come to prayer
Dođi na spas	Come to success
Šta znači „Ešhedu en la ilahe illallah“?	What does “Ashhadu an la ilaha illallah” mean?
Svjedočim da je samo Allah Bog	I bear witness that only Allah is God
Šta znači „Ešhedu enne Muhammeden resulullah“?	What does “Ashhadu anna Muhammadan rasulullah” mean?
Svjedočim da je Muhammed Allahov poslanik	I bear witness that Muhammad is Allah’s Messenger
Namaz je bolji od spavanja	Prayer is better than sleep
Šta znači „Hajje ales-salah“?	What does “Hayya ’alas-salah” mean?
Namaz već počinje	The prayer is now starting
Šta znači „Hajje alel-felah“?	What does “Hayya ’alal-falah” mean?
Kojim riječima završava ezan?	With which words does the Adhan end?
Hajje alel-felah	Hayya ’alal-falah
Šta se posebno dodaje kod sabahskog ezana?	What is added especially in the Adhan for Fajr?
Kad kametis-salah	Qad qamatis-salah
Es-salatu hajrun minen-nevm	As-salatu khayrun minan-nawm
Koliko puta se kod sabahskog ezana dodaje „Es-salatu hajrun minen-nevm“?	How many times is “As-salatu khayrun minan-nawm” added in the Adhan for Fajr?
Jednom	Once
Tri puta	Three times
Četiri puta	Four times
Dva puta	Twice
Šta znači „Es-salatu hajrun minen-nevm“?	What does “As-salatu khayrun minan-nawm” mean?
Ko uči ikamet prije klanjanja farz-namaza?	Who says the Iqamah before praying a fard prayer?
Muškarci	Men
Samo hatib	Only the khatib
Kada se uči ikamet?	When is the Iqamah said?
Prije ezana	Before the Adhan
Prije klanjanja farz-namaza	Before praying a fard prayer
Samo poslije sabaha	Only after Fajr
Ko uči ikamet kada namaz klanjamo u džematu?	Who says the Iqamah when we pray in congregation (jama’ah)?
Svaki klanjač	Everyone praying
Imam	The imam
Kakvim tempom učimo ikamet u odnosu na ezan?	At what speed do we say the Iqamah compared with the Adhan?
Malo brže nego ezan	A little faster than the Adhan
Mnogo sporije nego ezan	Much slower than the Adhan
Potpuno istom brzinom	At exactly the same speed
Ikamet se ne izgovara glasno	The Iqamah is not said aloud
Koje se riječi dodaju u ikametu za razliku od ezana?	Which words are added in the Iqamah but not in the Adhan?
Semi'allahu limen hamideh	Sami’allahu liman hamidah
Šta znači „Kad kametis-salah“?	What does “Qad qamatis-salah” mean?
Koja je glavna razlika između ezana i ikameta?	What is the main difference between the Adhan and the Iqamah?
Ezan se uči samo za sabah	The Adhan is called only for Fajr
Ikamet se uči poslije namaza	The Iqamah is said after Salah
Ezan se uči prije namaza	The Adhan is called before Salah
U ikametu se dodaju riječi „Kad kametis-salah“	In the Iqamah the words “Qad qamatis-salah” are added
Koji je treći namaski šart?	What is the third shart of Salah?
Propisno odijevanje	Dressing properly
Šta čuvamo odjećom?	What do we protect with our clothes?
Samo tijelo od hladnoće	Only our body from the cold
Samo zdravlje	Only our health
Svoje tijelo i svoju čednost	Our body and our modesty
Samo tijelo od nečistoće	Only our body from dirt
Kakva naša odjeća uvijek treba biti?	What should our clothes always be like?
Skupa i nova	Expensive and new
Samo bijela	Only white
Šarena i široka	Colourful and baggy
Lijepa, čista i uredna	Nice, clean and tidy
Kakvu odjeću ne trebamo nositi?	What kind of clothes should we not wear?
Čistu i urednu	Clean and tidy
Kratku, tijesnu i prozirnu	Short, tight and see-through
Lijepu i komotnu	Nice and comfortable
Pristojnu i čistu	Modest and clean
Kada smo posebno obavezni propisno se odijevati?	When especially must we dress properly?
Kada klanjamo namaz	When we pray Salah
Kada spavamo	When we sleep
Kada putujemo	When we travel
Kada se igramo	When we play
Pred kim stojimo kada klanjamo namaz?	Who are we standing before when we pray Salah?
Pred imamom	Before the imam
Pred ljudima	Before people
Pred svojim Gospodarom	Before our Lord
Pred roditeljima	Before our parents
Šta su ženske osobe dužne pokriti u namazu?	What must women and girls cover in Salah?
Samo kosu	Only the hair
Samo noge	Only the legs
Samo ruke i noge	Only the arms and legs
Cijelo tijelo osim lica, šaka i stopala	The whole body except the face, hands and feet
Kako muškarci trebaju biti odjeveni?	How should men be dressed?
Pristojno	Modestly
Isključivo u bijelo	Only in white
Isključivo u dugu odjeću	Only in long clothes
Samo u novu odjeću	Only in new clothes
Koji dio tijela muškarci najmanje trebaju pokriti ?	What part of the body must men cover at the very least?
Od ramena do stopala	From the shoulders to the feet
Od pojasa do ispod koljena	From the navel to below the knees
Samo koljena	Only the knees
Od vrata do članaka	From the neck to the ankles
Kakva odjeća ne smije biti u namazu?	What must clothes for Salah NOT be?
Čista	Clean
Uredna	Tidy
Komotna	Comfortable
Providna	See-through
Šta od navedenog također ne smije biti odjeća za namaz?	Which of these must clothes for Salah also NOT be?
Nečista	Dirty (najis)
Lijepa	Nice
Koja odjeća nije odgovarajuća za namaz ?	Which clothes are not suitable for Salah?
Tijesna	Tight
Šta odjeća za namaz ne treba imati?	What should clothes for Salah not have?
Dugmad	Buttons
Rukave	Sleeves
Sliku	A picture
Džepove	Pockets
Koji je drugi namaski šart?	What is the second shart of Salah?
Abdest	Wudu
Nijet	Niyyah
Čistoća odjeće	Clean clothes
Šta je abdest?	What is wudu?
Kupanje cijelog tijela	Washing the whole body
Vjersko pranje određenih dijelova tijela	The religious washing of certain parts of the body
Pranje samo ruku	Washing only the hands
Pranje odjeće	Washing clothes
Radi čega se uzima abdest?	What is wudu made for?
Samo radi čistoće	Only for cleanliness
Radi klanjanja namaza, učenja Kur'ana i drugih obrednih radnji	For praying Salah, reciting the Qur’an and other acts of worship
Čime počinjemo uzimanje abdesta?	How do we begin making wudu?
Samo nijetom	Only with the niyyah
Samo Bismillom	Only with the Bismillah
Pranjem ruku	By washing the hands
Euzubillom, Bismillom i nijetom	With the Ta’awwudh, the Bismillah and the niyyah
Kakvom vodom uzimamo abdest?	What kind of water do we use for wudu?
Čistom vodom	Clean water
Slanom vodom isključivo	Only salty water
Sokom	Juice
Mirisnom vodom	Scented water
Šta prvo peremo prilikom uzimanja abdesta ?	What do we wash first when making wudu?
Lice	The face
Ruke do iznad šaka	The hands up to above the wrists
Noge	The feet
Uši	The ears
Koliko puta na početku peremo ruke do iznad šaka?	At the start, how many times do we wash our hands up to above the wrists?
Dvaput	Two times
Kojom rukom ispiremo usta?	Which hand do we rinse the mouth with?
Lijevom	The left
Objema istovremeno	Both at once
Svejedno je	It does not matter
Desnom	The right
Koliko puta ispiremo usta?	How many times do we rinse the mouth?
Pet puta	Five times
Čime možemo oprati zube prilikom uzimanja abdesta?	What can we clean our teeth with when making wudu?
Samo vodom	Only water
Četkicom ili misvakom	A toothbrush or a miswak
Peškirom	A towel
Sapunom	Soap
Koliko puta ispiremo nos?	How many times do we rinse the nose?
Koliko puta umivamo lice u uobičajenom načinu uzimanja abdesta ?	In the usual way of making wudu, how many times do we wash the face?
Koju ruku prvo peremo do iznad lakta?	Which arm do we wash first up to above the elbow?
Desnu	The right one
Lijevu	The left one
Obje zajedno	Both together
Nije važno	It is not important
Koliko puta peremo desnu ruku do iznad lakta ?	How many times do we wash the right arm up to above the elbow?
Šta peremo nakon desne ruke?	What do we wash after the right arm?
Lijevu ruku do iznad lakta	The left arm up to above the elbow
Šta znači mesh?	What is masah?
Pranje nogu	Washing the feet
Ispiranje nosa	Rinsing the nose
Pranje lica	Washing the face
Potiranje mokrom rukom najmanje četvrtine glave	Wiping at least a quarter of the head with a wet hand
Koliki dio glave najmanje potiremo mokrom rukom ?	At least how much of the head do we wipe with a wet hand?
Najmanje četvrtinu glave	At least a quarter of the head
Polovinu glave	Half of the head
Cijelu glavu obavezno	The whole head, always
Samo čelo	Only the forehead
Šta potiremo nakon mesha glave ?	What do we wipe after the masah of the head?
Vrat	The neck
Uši iznutra i spolja	The ears, inside and outside
Stopala	The feet
Kako se potire vrat?	How is the neck wiped?
Tri puta dlanovima	Three times with the palms
Mokrom krpom	With a wet cloth
Jedanput vanjskom stranom prstiju	Once with the backs of the fingers
Ne pere se ni ne potire	It is neither washed nor wiped
Šta je lijepo proučiti nakon uzimanja abdesta?	What is good to recite after making wudu?
Kelimei-šehadet	The Shahadah
Ezan	The Adhan
Ikamet	The Iqamah
Samo Fatihu	Only Al-Fatiha
Kako se zovu obavezne radnje pri uzimanju abdesta?	What are the compulsory actions of wudu called?
Abdeski šarti ili farzi	The sharts or fard parts of wudu
Koliko ima abdeskih šarta – farza?	How many sharts – fard parts – of wudu are there?
Šta se događa ako ne izvršimo abdeske šarte?	What happens if we do not do the sharts of wudu?
Abdest je ipak potpun	The wudu is still complete
Samo se umanjuje nagrada	Only the reward is smaller
Potrebno je samo proučiti dovu	We only need to say a du’a
Abdest nije ispravan	The wudu is not valid
Koji je prvi abdeski šart?	What is the first shart of wudu?
Umiti lice jedanput	Washing the face once
Oprati noge	Washing the feet
Potrati glavu	Wiping the head
Oprati ruke	Washing the hands
Koji je drugi abdeski šart?	What is the second shart of wudu?
Ispiranje usta	Rinsing the mouth
Oprati desnu i lijevu ruku do iznad lakata po jedanput	Washing the right and left arms up to above the elbows, once each
Potiranje ušiju	Wiping the ears
Koji je treći abdeski šart?	What is the third shart of wudu?
Oprati lice tri puta	Washing the face three times
Potrati mokrom rukom najmanje četvrtinu glave – mesh	Wiping at least a quarter of the head with a wet hand – masah
Oprati uši	Washing the ears
Koji je četvrti abdeski šart?	What is the fourth shart of wudu?
Oprati ruke do šaka	Washing the hands up to the wrists
Ispirati nos	Rinsing the nose out
Potrati vrat	Wiping the neck
Oprati desnu i lijevu nogu do iznad članaka po jedanput	Washing the right and left feet up to above the ankles, once each
Šta od navedenog kvari abdest?	Which of these breaks wudu?
Spavanje ili gubitak svijesti makar i na trenutak	Sleeping or losing consciousness, even for a moment
Pranje ruku	Washing the hands
Da li oticanje krvi ili druge tekućine iz tijela, kvari abdest?	Does blood or other liquid flowing out of the body break wudu?
Ne, nikada	No, never
Da	Yes
Samo tokom namaza	Only during Salah
Samo noću	Only at night
Šta se događa s abdestom ako čovjek povrati iz želuca ?	What happens to wudu if a person vomits?
Abdest ne moramo ponoviti	We don’t have to redo the wudu
Ništa se ne mijenja	Nothing changes
Abdest se kvari	The wudu is broken
Kvari se samo namaz	Only the prayer is broken
Šta od navedenog kvari abdest ?	Which of these breaks wudu?
Tiho pričanje	Talking quietly
Hodanje	Walking
Pijenje vode	Drinking water
Bilo koja prirodna nužda	Going to the toilet (any call of nature)
Šta od navedenog kvari abdest u namazu ?	Which of these breaks wudu during Salah?
Glasno smijanje u namazu	Laughing out loud in Salah
Stajanje	Standing
Koliko namaza možemo klanjati sa jednim abdestom?	How many prayers can we pray with one wudu?
Samo jedan	Only one
Više namaza, ukoliko nam se ne dogodi nešto što kvari abdest	Several prayers, as long as nothing happens that breaks the wudu
Najviše dva	Two at most
Samo farz jednog namaza	Only the fard of one prayer
Koji kur'anski ajet govori o abdeskim šartima?	Which ayah of the Qur’an speaks about the sharts of wudu?
El-Fatiha, 1	Al-Fatiha, 1
El-Ihlas, 1	Al-Ikhlas, 1
El-Bekare, 255	Al-Baqarah, 255
El-Ma'ide, 6	Al-Ma’idah, 6
Ko su bili hazreti Hasan i Husejn?	Who were Hasan and Husayn (RA)?
Sinovi hazreti Alije i Fatime i unuci Muhammeda, alejhis-selam	The sons of Ali and Fatimah (RA) and grandsons of Muhammad, alayhis-salam
Allahovi poslanici	Allah’s messengers
Mujezini	Mu’adhins
Učitelji u medresi	Teachers at a madrasah
Šta su Hasan i Husejn primijetili kod čovjeka koji je uzimao abdest?	What did Hasan and Husayn notice about a man who was making wudu?
Da nije proučio ezan	That he had not called the Adhan
Da ga ne uzima pravilno	That he was not doing it correctly
Da nije klanjao namaz	That he had not prayed
Da nije imao vode	That he had no water
Kako su Hasan i Husejn poučili čovjeka pravilnom uzimanju abdesta?	How did Hasan and Husayn teach the man the correct way to make wudu?
Ukorili su ga pred svima	They told him off in front of everyone
Nisu mu ništa rekli	They said nothing to him
Zamolili su ga da presudi koji od njih dvojice ljepše, ispravnije i brže uzima abdest	They asked him to judge which of the two of them made wudu more beautifully, correctly and quickly
Poslali su ga drugom čovjeku	They sent him to another man
Šta je čovjek rekao Hasanu i Husejnu nakon što ih je posmatrao kako uzimaju abdest?	What did the man say to Hasan and Husayn after watching them make wudu?
Da trebaju ponoviti abdest	That they should redo their wudu
Da je samo jedan od njih pravilno uzeo abdest	That only one of them had made wudu correctly
Da ih nije razumio	That he had not understood them
„Djeco draga, Allah vas nagradio, vi mene naučiste uzimati abdest.“	“Dear children, may Allah reward you, you have taught me how to make wudu.”
Koji je prvi namaski šart?	What is the first shart of Salah?
Čistoća tijela, odjeće i mjesta za klanjanje	Clean body, clothes and place of prayer
Kada posebno trebamo voditi računa o čistoći?	When especially should we take care of cleanliness?
Kada jedemo	When we eat
Kada klanjamo	When we pray
Šta je Muhammed, alejhis-selam, rekao o čistoći?	What did Muhammad, alayhis-salam, say about cleanliness?
„Čistoća je dio namaza.“	“Cleanliness is part of Salah.”
„Čistoća je pola imana.“	“Cleanliness is half of faith (iman).”
„Čistoća je samo preporuka.“	“Cleanliness is only a recommendation.”
„Čistoća je samo za namaz.“	“Cleanliness is only for Salah.”
Ko bilježi hadis „Čistoća je pola imana“?	Who recorded the hadith “Cleanliness is half of faith”?
Muslim	Muslim
Tirmizi	Tirmidhi
Ebu Davud	Abu Dawud
Nesai	Nasa’i
Kako održavamo čistoću tijela?	How do we keep our body clean?
Samo kupanjem	Only by bathing
Samo pranjem ruku	Only by washing our hands
Ličnom higijenom	With personal hygiene
Samo uzimanjem abdesta	Only by making wudu
Šta od navedenog pomaže održavanju čistoće tijela?	Which of these helps keep the body clean?
Redovno kupanje	Bathing regularly
Nošenje iste odjeće	Wearing the same clothes
Izbjegavanje pranja ruku	Not washing our hands
Rijetko pranje zuba	Rarely brushing our teeth
Kakvom trebamo nastojati držati odjeću?	How should we try to keep our clothes?
Samo novom	Only new
Skupom	Expensive
Šarenom	Colourful
Urednom i čistom	Tidy and clean
Od čega posebno trebamo čuvati odjeću?	What especially should we keep our clothes safe from?
Od kiše i snijega	From rain and snow
Od alkohola, krvi, mokraće, pljuvačke psa i sličnih nečistoća	From alcohol, blood, urine, dog saliva and similar impurities
Od prašine na ulici	From dust in the street
Od moljca	From moths
Šta je Milostivi Allah učinio mjestom za klanjanje?	What has Allah, the Merciful, made a place for prayer?
Samo džamije	Only mosques
Samo kuću	Only the home
Cijelu Zemlju	The whole Earth
Samo mesdžide	Only masjids
Kakvo treba biti mjesto za namaz?	What should the place of prayer be like?
Veliko i prostrano	Big and roomy
Ukrašeno	Decorated
Osvijetljeno	Well lit
Čisto i uredno	Clean and tidy
Kako postižemo čistoću mjesta gdje klanjamo?	How do we make the place where we pray clean?
Samo prostiranjem sedžade	Only by laying down a prayer mat
Uklanjanjem svih vidljivih i nevidljivih nečistoća	By removing all visible and invisible impurities
Samo pranjem poda	Only by washing the floor
Paljenjem mirisa	By lighting incense
Šta možemo koristiti kako bismo bili sigurniji u čistoću mjesta gdje klanjamo?	What can we use to be surer that the place where we pray is clean?
Sedžadu ili serdžadu	A prayer mat (sajjadah)
Jastuk	A pillow
Stolicu	A chair
Peškir za ruke	A hand towel
Šta je sedžada ili serdžada?	What is a sajjadah?
Odjeća za namaz	Clothes for prayer
Kapa za namaz	A prayer cap
Namjenska prostirka za namaz	A special mat for prayer
Posuda za abdest	A container for wudu
Šta ne smije biti na mjestu gdje klanjamo?	What must NOT be in the place where we pray?
Sedžada	A prayer mat
Čista odjeća	Clean clothes
Čist pod	A clean floor
Slike, figure živih bića ili nešto što skreće pažnju klanjača	Pictures, figures of living beings or anything that distracts the person praying
Koje tri vrste čistoće obuhvata prvi namaski šart?	Which three kinds of cleanliness does the first shart of Salah include?
Čistoću ruku, lica i nogu	Clean hands, face and feet
Čistoću tijela, odjeće i mjesta za klanjanje	Clean body, clothes and place of prayer
Čistoću kuće, džamije i dvorišta	Clean house, mosque and yard
Čistoću vode, hrane i posuđa	Clean water, food and dishes
Šta su imanski šarti?	What are the pillars of Iman?
Šest temeljnih istina vjere	The six basic truths of faith
Pet dnevnih namaza	The five daily prayers
Pravila abdesta	The rules of wudu
Islamski blagdani	Islamic holidays
Sedam	Seven
Šta znači iman?	What does iman mean?
Islamsko vjerovanje	Islamic belief (faith)
Šta čvrsto vjerujući često izgovaramo?	What do we often say, believing firmly?
Imanske šarte	The pillars of Iman
Kako glasi prvi imanski šart?	What are the words of the first pillar of Iman?
Āmentu billāhi	Amantu billahi
Ve melāiketihī	Wa mala’ikatihi
Ve kutubihī	Wa kutubihi
Ve rusulihī	Wa rusulihi
Šta znači „Āmentu billāhi“?	What does “Amantu billahi” mean?
Vjerujem u meleke	I believe in the angels
Vjerujem u Allaha	I believe in Allah
Vjerujem u Sudnji dan	I believe in the Day of Judgement
Vjerujem u Allahove knjige	I believe in Allah’s books
Koji je temelj vjerovanja naveden kao prvi?	Which foundation of belief is given as the first?
Vjerovanje u meleke	Belief in the angels
Vjerovanje u poslanike	Belief in the messengers
Vjerovanje u Allaha	Belief in Allah
Vjerovanje u Sudnji dan	Belief in the Day of Judgement
Kako glasi drugi imanski šart?	What are the words of the second pillar of Iman?
Vel-jevmil-āhiri	Wal-yawmil-akhiri
Šta znači „Ve melāiketihī“?	What does “Wa mala’ikatihi” mean?
I Allahove meleke	And in Allah’s angels
I Allahove knjige	And in Allah’s books
I Allahove poslanike	And in Allah’s messengers
I Sudnji dan	And in the Last Day
U koga vjerujemo drugim imanskim šartom?	In whom do we believe with the second pillar of Iman?
U poslanike	In the messengers
U Allahove meleke	In Allah’s angels
U knjige	In the books
U Sudnji dan	In the Day of Judgement
Kako glasi treći imanski šart?	What are the words of the third pillar of Iman?
Šta znači „Ve kutubihī“?	What does “Wa kutubihi” mean?
Vjerovanje u Allahove knjige – objave	Belief in Allah’s books – revelations
Koji imanski šart govori o Allahovim knjigama – objavama?	Which pillar of Iman is about Allah’s books – revelations?
Treći	The third
Prvi	The first
Peti	The fifth
Šesti	The sixth
Kako glasi četvrti imanski šart?	What are the words of the fourth pillar of Iman?
Šta znači „Ve rusulihī“?	What does “Wa rusulihi” mean?
Koji po redu imanski šart govori o Allahovim poslanicima?	Which pillar of Iman, by number, is about Allah’s messengers?
Drugi	The second
Četvrti	The fourth
Kako glasi peti imanski šart?	What are the words of the fifth pillar of Iman?
Šta znači „Vel-jevmil-āhiri“?	What does “Wal-yawmil-akhiri” mean?
Vjerujem u knjige	I believe in the books
Vjerujem u poslanike	I believe in the messengers
Koji imanski šart govori o Sudnjem danu?	Which pillar of Iman is about the Day of Judgement?
U šta vjerujemo petim imanskim šartom?	What do we believe in with the fifth pillar of Iman?
U Allahove knjige	In Allah’s books
U meleke	In the angels
Koji je posljednji imanski šart?	What is the last pillar of Iman?
Vjerovanje da se sve događa Allahovom voljom i određenjem	Believing that everything happens by Allah’s will and decree
Vjerovanje u Allahove knjige	Belief in Allah’s books
Kako počinje šesti imanski šart?	How does the sixth pillar of Iman begin?
Ve bil-kaderi	Wa bil-qadari
Šta nas uči šesti imanski šart?	What does the sixth pillar of Iman teach us?
Da vjerujemo samo u meleke	To believe only in the angels
Da vjerujemo samo u objave	To believe only in the revelations
Da se sve događa Allahovom voljom i određenjem	That everything happens by Allah’s will and decree
Da vjerujemo samo u poslanike	To believe only in the messengers
Koji je šart „Ve bil-kaderi hajrihī ve šerrihī minellāhi teālā“?	Which pillar is “Wa bil-qadari khayrihi wa sharrihi minallahi ta’ala”?
Šta dolazi poslije vjerovanja u Allahove knjige?	What comes after belief in Allah’s books?
Vjerovanje u Allahove poslanike	Belief in Allah’s messengers
Vjerovanje u kader	Belief in qadar (divine decree)
Šta dolazi neposredno prije vjerovanja u Sudnji dan?	What comes just before belief in the Day of Judgement?
Šta dolazi poslije vjerovanja u Sudnji dan?	What comes after belief in the Day of Judgement?
Vjerovanje u knjige	Belief in the books
Koji niz pravilno navodi svih šest imanskih šarta?	Which list correctly gives all six pillars of Iman?
Allah, meleki, knjige, poslanici, Sudnji dan, Allahova volja i određenje	Allah, angels, books, messengers, the Day of Judgement, Allah’s will and decree
Allah, knjige, meleki, Sudnji dan, poslanici, namaz	Allah, books, angels, the Day of Judgement, messengers, Salah
Meleki, Allah, poslanici, knjige, post, kader	Angels, Allah, messengers, books, fasting, qadar
Allah, meleki, namaz, post, zekat, hadž	Allah, angels, Salah, fasting, Zakah, Hajj
Koja tvrdnja najbolje opisuje imanske šarte?	Which statement best describes the pillars of Iman?
To su pravila samo za obavljanje namaza	They are rules only for praying Salah
To je šest temeljnih istina islamskog vjerovanja	They are the six basic truths of Islamic belief
To su uvjeti samo za abdest	They are conditions only for wudu
To je pet islamskih dužnosti	They are the five Islamic duties
Kako počinje sura El-Ihlas?	How does Surah Al-Ikhlas begin?
Elhamdu lillahi	Alhamdu lillahi
Inna e'atajna	Inna a’taynaka
Kul e'uzu bi rabbin-nas	Qul a’udhu bi rabbin-nas
Šta znači „Kul huvallahu ehad“?	What does “Qul huwallahu ahad” mean?
Allah sve zna	Allah knows everything
Allah sve vidi	Allah sees everything
Reci: „On je Allah – Jedan!“	Say: “He is Allah, [who is] One!”
Allah prašta grijehe	Allah forgives sins
Koji ajet dolazi poslije „Kul huvallahu ehad“?	Which ayah comes after “Qul huwallahu ahad”?
Ve lem jekun lehu kufuven ehad	Wa lam yakun lahu kufuwan ahad
Kako je „Allahus-Samed“ prevedeno ?	How is “Allahus-Samad” translated?
Allah je utočište svakom	Allah, the Eternal Refuge
Allah je Milostivi	Allah is the Merciful
Allah je Stvoritelj	Allah is the Creator
Allah sve čuje	Allah hears everything
Šta dolazi poslije „Allahus-Samed“?	What comes after “Allahus-Samad”?
Šta znači „Lem jelid ve lem juled“?	What does “Lam yalid wa lam yulad” mean?
On je Allah – Jedan	He is Allah – the One
Nije rodio i rođen nije	He neither begets nor is born
I niko Mu ravan nije	Nor is there to Him any equivalent
Kako glasi posljednji ajet sure El-Ihlas?	What is the last ayah of Surah Al-Ikhlas?
Šta znači „Ve lem jekun lehu kufuven ehad“?	What does “Wa lam yakun lahu kufuwan ahad” mean?
Koliko ajeta ima sura El-Ihlas?	How many ayahs does Surah Al-Ikhlas have?
Šta znači „Bismillahir-Rahmanir-Rahim“?	What does “Bismillahir-Rahmanir-Rahim” mean?
Koliko, prema navedenom hadisu, vrijedi sura El-Ihlas?	According to the hadith, what is Surah Al-Ikhlas worth?
Koliko trećina Kur'ana	As much as one third of the Qur’an
Koliko polovina Kur'ana	As much as half of the Qur’an
Koliko cijeli Kur'an	As much as the whole Qur’an
Koliko četvrtina Kur'ana	As much as one quarter of the Qur’an
Ko prenosi hadis naveden u lekciji o vrijednosti ove sure Ihlas?	Who narrated the hadith in the lesson about the value of Surah Al-Ikhlas?
Samo Tirmizi	Only Tirmidhi
Buhari i Muslim	Bukhari and Muslim
Samo Ebu Davud	Only Abu Dawud
Samo Nesai	Only Nasa’i
Šta su namaski ruknovi?	What are the arkan of Salah?
Sastavni dijelovi namaza	The essential parts of Salah
Namaski sunneti	The Sunnahs of Salah
Uvjeti za abdest	Conditions for wudu
Kako treba izvršavati namaske ruknove?	How should the arkan of Salah be done?
Samo neke	Only some of them
Sve pravilno i pažljivo	All of them correctly and carefully
Samo na farz-namazu	Only in fard prayers
Samo kada klanjamo u džematu	Only when we pray in congregation
Šta treba učiniti ako izostavimo neki namaski rukn?	What should we do if we leave out one of the arkan of Salah?
Nastaviti bez njega	Carry on without it
Prekinuti svaki namaz	Stop every prayer
Samo proučiti dovu	Just say a du’a
Ispraviti ga i obnoviti	Correct it and do it again
Iftitahi-tekbir	Iftitah takbir
Šta znači iftitahi-tekbir?	What does iftitah takbir mean?
Završni selam	The closing salam
Šta se izgovara prilikom iftitahi-tekbira?	What is said during the iftitah takbir?
Gdje dječaci podižu ruke prilikom početnog tekbira?	Where do boys raise their hands for the opening takbir?
Ne podižu ruke	They don’t raise their hands
Do prsa	Up to the chest
Iznad glave	Above the head
U visinu ušiju	Up to the height of the ears
Gdje djevojčice podižu ruke prilikom početnog tekbira?	Where do girls raise their hands for the opening takbir?
U visinu grudi	Up to the height of the chest
Iznad ušiju	Above the ears
Prema čemu trebaju biti okrenuta stopala prilikom stajanja u namazu?	Which way should the feet point when standing in Salah?
Prema Kibli	Towards the Qiblah
Prema imamu	Towards the imam
Prema desnoj strani	To the right
Kako stojimo na kijamu?	How do we stand in qiyam?
Uspravno	Upright
Pognuto	Bent over
Sjedeći	Sitting
Klečeći	Kneeling
Gdje dječaci stavljaju ruke na kijamu?	Where do boys put their hands in qiyam?
Na koljena	On the knees
Na pojas	At the waist (below the navel)
Iza leđa	Behind the back
Na ramena	On the shoulders
Gdje djevojčice drže ruke na kijamu?	Where do girls hold their hands in qiyam?
Na koljenima	On the knees
Na grudima	On the chest
Uz tijelo	By their sides
Šta znači kiraet?	What does qira’ah mean?
Spuštanje na sedždu	Going down into sajdah
Šta se uči na svakom prvom stajanju?	What is recited in every first standing?
Samo Fatiha	Only Al-Fatiha
Subhaneke, Euzubilla, Bismilla, Fatiha i jedna sura	Subhanaka, Ta’awwudh, Bismillah, Al-Fatiha and one surah
Samo jedna sura	Only one surah
Et-Tehijjatu	At-Tahiyyat
Šta se uči na svakom drugom stajanju?	What is recited in every second standing?
Samo Subhaneke	Only the Subhanaka
Bismilla, Fatiha i jedna sura	Bismillah, Al-Fatiha and one surah
Samo salavati	Only salawat
Sjedenje u namazu	Sitting in Salah
Kako trebaju biti leđa na ruku'u?	How should the back be in ruku’?
Savijena u stranu	Bent to the side
Ravna	Flat
Potpuno uspravna	Completely upright
Okrenuta prema desnoj strani	Turned to the right
Gdje stavljamo ruke na ruku'u?	Where do we put our hands in ruku’?
Na prsa	On the chest
Na lice	On the face
Šta se tri puta uči na ruku'u?	What is said three times in ruku’?
Subhane Rabbijel-e'ala	Subhana Rabbiyal-a’la
Subhane Rabbijel-Azim	Subhana Rabbiyal-’Azim
Pregibanje do koljena	Bending down to the knees
Završavanje namaza	Finishing the prayer
Koliko sedždi činimo na jednom rekatu?	How many sajdahs do we make in one rak’ah?
Jednu	One
Dvije	Two
Šta se tri puta uči na sedždi?	What is said three times in sajdah?
Subhane Rabbijel-E'ala	Subhana Rabbiyal-A’la
Šta učimo na zadnjem sjedenju svih namaza?	What do we recite in the last sitting of every prayer?
Et-Tehijjatu, salavate i dove	At-Tahiyyat, salawat and du’as
Samo Ettehijjatu	Only At-Tahiyyat
Kojom nogom ulazimo u kuću, džamiju, školu i mekteb?	Which foot do we step into the house, mosque, school and maktab with?
Lijevom nogom	With the left foot
Desnom nogom	With the right foot
Objema nogama	With both feet
Kojom nogom izlazimo iz kuće, džamije, škole i mekteba?	Which foot do we step out of the house, mosque, school and maktab with?
Kojom nogom ulazimo u kupatilo?	Which foot do we step into the bathroom with?
Kojom nogom izlazimo iz kupatila?	Which foot do we step out of the bathroom with?
Šta izgovaramo nakon izlaska iz kupatila?	What do we say after leaving the bathroom?
Bismillah	Bismillah
Gufraneke	Ghufranaka
Šta znači riječ „El-Felek“ ?	What does the word “Al-Falaq” mean?
Svitanje	Daybreak
Noć	Night
Kome se utječemo učenjem sure El-Felek?	With whom do we seek refuge by reciting Surah Al-Falaq?
Ljudima	With people
Melekima	With the angels
Allahu, Gospodaru svitanja	With Allah, the Lord of daybreak
Poslanicima	With the prophets
Od čijeg zla se također traži zaštita u suri El-Felek?	Whose evil do we also seek refuge from in Surah Al-Falaq?
Onog koji ogovara	Someone who backbites
Smutljivca kada smutnju sije	The blowers in knots (those who do magic)
Lažova	A liar
Varalice	A cheat
Kada se traži zaštita od zavidljivca?	When do we seek refuge from the envier?
Kada spava	When he sleeps
Kada šuti	When he is silent
Kada odlazi	When he leaves
Kada zavist ne krije	When he envies
Kojim riječima počinje prvi ajet sure El-Felek?	With which words does the first ayah of Surah Al-Falaq begin?
„Kul e'uzu birabbil-felek“	“Qul a’udhu birabbil-falaq”
„Kul huvallahu ehad“	“Qul huwallahu ahad”
„Elhamdu lillahi“	“Alhamdu lillahi”
„Kul e'uzu birabbin-nas“	“Qul a’udhu birabbin-nas”
Šta znači „Kul“?	What does “Qul” mean?
Uči	Read
Reci	Say
Piši	Write
Slušaj	Listen
Koje dvije sure su navedene kao sure zaštitnice?	Which two surahs are called the surahs of protection?
El-Fatiha i El-Bekare	Al-Fatiha and Al-Baqarah
El-Ihlas i El-Kevser	Al-Ikhlas and Al-Kawthar
El-Felek i En-Nas	Al-Falaq and An-Nas
El-Asr i El-Kafirun	Al-’Asr and Al-Kafirun
Od čega nas čuvaju sure El-Felek i En-Nas?	What do Surah Al-Falaq and Surah An-Nas protect us from?
Samo od bolesti	Only from illness
Samo od tuge	Only from sadness
Samo od straha	Only from fear
Od zlih ljudi i šejtana	From evil people and Shaytan
Koliko puta je Muhammed, alejhis-selam, preporučio učiti „Kul huvallahu ehad“ i dvije zaštitnice kada omrknemo i osvanemo?	How many times did Muhammad, alayhis-salam, recommend reciting “Qul huwallahu ahad” and the two surahs of protection in the evening and the morning?
Sedam puta	Seven times
Kada se, Ihlas Felek i Nas, uče tri puta?	When are Al-Ikhlas, Al-Falaq and An-Nas recited three times?
Samo prije namaza	Only before Salah
Kada omrknemo i kada osvanemo	In the evening and in the morning
Šta je, prema hadisu, korist od učenja „Kul huvallahu ehad“ i dvije zaštitnice tri puta?	According to the hadith, what is the benefit of reciting “Qul huwallahu ahad” and the two surahs of protection three times?
Čovjek neće biti umoran	The person will not get tired
Naučit će Kur'an napamet	He will learn the Qur’an by heart
Bit će mu dovoljne kao zaštita od svega	They will be enough to protect him from everything
Neće morati učiti druge sure	He will not have to recite other surahs
Šta je gusul?	What is ghusl?
Obavezno vjersko kupanje	The compulsory religious bath
Čišćenje zemljom	Cleaning with earth
Pranje samo lica	Washing only the face
Koji je prvi gusulski šart?	What is the first shart of ghusl?
Oprati cijelo tijelo	Washing the whole body
Isprati usta i grlo tri puta – gargara	Rinsing the mouth and throat three times – gargling (gargara)
Isprati nos	Rinsing the nose
Koji je drugi gusulski šart?	What is the second shart of ghusl?
Oprati glavu	Washing the head
Isprati usta	Rinsing the mouth
Isprati nos tri puta – istinšak	Rinsing the nose three times – istinshaq
Koji je treći gusulski šart?	What is the third shart of ghusl?
Oprati cijelo tijelo tako da nigdje suho ne ostane	Washing the whole body so that no part stays dry
Oprati samo glavu	Washing only the head
Oprati samo ruke i noge	Washing only the hands and feet
Šta je sunnet proučiti prije gusula?	What is Sunnah to recite before ghusl?
Euzubillu i Bismillu te zanijetiti	The Ta’awwudh and the Bismillah, and make the niyyah
Samo jednu suru	Only one surah
Koliko puta je sunnet saprati tijelo prilikom gusula?	How many times is it Sunnah to rinse the body during ghusl?
Kojim redoslijedom je sunnet prati tijelo nakon pranja glave?	In which order is it Sunnah to wash the body after washing the head?
Prvo lijevu, pa desnu stranu	First the left side, then the right side
Samo prednju stranu	Only the front
Nije bitan redoslijed	The order does not matter
Prvo desnu, a zatim lijevu stranu	First the right side, then the left side
Šta je pokuđeno prilikom gusula?	What is disliked when taking a ghusl?
Pretjerano rasipanje vode	Wasting too much water
Koristiti toplu vodu	Using warm water
Šta je još pokuđeno činiti prilikom gusula ako nije neophodno?	What else is disliked during ghusl if it is not necessary?
Govoriti i tražiti pomoć od drugoga	Talking and asking someone else for help
Oprati desnu stranu tijela	Washing the right side of the body
Oprati vidljive nečistoće	Washing off visible dirt
Šta je gasli vudzud?	What is ghasl al-wujud?
Pranje cijelog tijela	Washing the whole body
Šta je Instinšak?	What is istinshaq?
Šta je gargara?	What is gargara?
Pranje usta i grla	Rinsing the mouth and throat
Šta je tejemum?	What is tayammum?
Pranje ruku vodom	Washing the hands with water
Simbolično čišćenje	A symbolic cleansing
Pranje lica i nogu	Washing the face and feet
Kada možemo uzeti tejemum?	When can we make tayammum?
Kada nemamo vode za abdest ili gusul	When we have no water for wudu or ghusl
Kada imamo dovoljno vode	When we have enough water
Šta možemo učiniti ako imamo sasvim malo vode koja nam je potrebnija za piće i pripremanje hrane?	What can we do if we have only a very little water that we need more for drinking and cooking?
Uzeti gusul	Take a ghusl
Uzeti tejemum	Make tayammum
Možemo li uzeti tejemum ako zbog bolesti ili velike hladnoće ne možemo upotrijebiti vodu?	Can we make tayammum if we cannot use water because of illness or great cold?
Samo ljeti	Only in summer
Ne možemo	We cannot
Možemo	We can
Šta je prvi tejemumski šart?	What is the first shart of tayammum?
Potrati lice	Wiping the face
Srcem zanijetiti i proučiti Euzubillu i Bismillu	Making the niyyah in the heart and saying the Ta’awwudh and the Bismillah
Potrati noge	Wiping the feet
Proučiti bismilu	Saying the Bismillah
Šta činimo nakon što prvi put dotaknemo dlanovima suhu zemlju ili predmet od zemlje?	What do we do after we first touch dry earth, or something made of earth, with our palms?
Potaremo noge	We wipe the feet
Potaremo kosu	We wipe the hair
Jedanput potaremo lice	We wipe the face once
Potaremo vrat	We wipe the neck
Šta činimo nakon što ponovo dotaknemo suhu zemlju ili predmet od zemlje?	What do we do after we touch dry earth, or something made of earth, again?
Potaremo samo lice	We wipe only the face
Potaremo glavu	We wipe the head
Potaremo desnu i lijevu ruku do iznad lakata	We wipe the right and left arms up to above the elbows
Šta će pokvariti tejemum?	What breaks tayammum?
Sve što kvari abdest	Everything that breaks wudu
Pričanje	Talking
Šta još, osim onoga što kvari abdest, može pokvariti tejemum?	Apart from what breaks wudu, what else can break tayammum?
Istek vremena	The time running out
Mogućnost da upotrijebimo vodu za abdest ili gusul	Being able to use water for wudu or ghusl
Šetanje	Going for a walk
Šta je Et-Tehijjatu?	What is At-Tahiyyat?
Iskazivanje naše zahvalnosti i pokornosti Uzvišenom Allahu	Expressing our thankfulness and obedience to Allah, the Exalted
Kur'anska sura	A surah of the Qur’an
Dova poslije abdesta	A du’a after wudu
Kada učimo Et-Tehijjatu u namazu?	When do we recite At-Tahiyyat in Salah?
Na ruku'u	In ruku’
Na svakom sjedenju u namazu	In every sitting of Salah
Samo na sedždi	Only in sajdah
Prije početnog tekbira	Before the opening takbir
Kome pripadaju pozdravi, blagoslovi i lijepe riječi?	To whom do greetings, blessings and good words belong?
Allahu	To Allah
Kome se upućuju riječi: „Neka je selam, Allahova milost i Njegov blagoslov na tebe“?	To whom are the words “Peace be upon you, and Allah’s mercy and His blessings” addressed?
Svakom klanjaču	To everyone who prays
Roditeljima	To our parents
Vjerovjesniku	To the Prophet
Na koga se, osim na nas, zaziva selam u Et-Tehijjatu?	Apart from ourselves, upon whom do we ask for peace (salam) in At-Tahiyyat?
Na sve dobre Allahove robove	Upon all of Allah’s righteous servants
Samo na učene ljude	Only upon learned people
Samo na imame	Only upon imams
Samo na naše roditelje	Only upon our parents
O čemu svjedočimo u prvom dijelu šehadeta u Et-Tehijjatu?	What do we bear witness to in the first part of the Shahadah in At-Tahiyyat?
Da nema Boga osim Allaha	That there is no god except Allah
Da je namaz obavezan	That Salah is compulsory
Da je Kur'an Allahova knjiga	That the Qur’an is Allah’s book
Šta svjedočimo o Muhammedu a.s. u Et-Tehijjatu?	What do we bear witness to about Muhammad (AS) in At-Tahiyyat?
Da je melek	That he is an angel
Da je samo učitelj	That he is only a teacher
Da je Allahov rob i poslanik	That he is Allah’s servant and messenger
Da je prvi čovjek	That he is the first human
Između koga Et-Tehijjatu razgovor na Miradžu?	At-Tahiyyat is a conversation on the Mi’raj between whom?
Između meleka	Between angels
Između ashaba	Between the Companions
Između ljudi i meleka	Between people and angels
Između Uzvišenog Allaha i poslanika Muhammeda, alejhis-selam	Between Allah, the Exalted, and the Prophet Muhammad, alayhis-salam
Na šta nas iskreno obavljeni namaz treba podsjećati?	What should a sincerely prayed Salah remind us of?
Na naš miradž – našu bliskost sa Gospodarom	Of our own Mi’raj – our closeness to our Lord
Na odmor	Of resting
Na putovanje	Of travelling
Na razgovor s ljudima	Of talking with people
Kojim riječima počinje Et-Tehijjatu?	With which words does At-Tahiyyat begin?
Et-Tehijjatu lillahi ves-salavatu vet-tajjibatu	At-tahiyyatu lillahi was-salawatu wat-tayyibatu
Elhamdu lillahi Rabbil-alemin	Alhamdu lillahi Rabbil-’alamin
Šta izražavamo učenjem Et-Tehijjatu?	What do we express by reciting At-Tahiyyat?
Zahvalnost i pokornost Uzvišenom Allahu	Thankfulness and obedience to Allah, the Exalted
Strah od ljudi	Fear of people
Želju za putovanjem	A wish to travel
Kako glase riječi kojima se naziva selam Vjerovjesniku?	What are the words with which we give salam to the Prophet?
Es-selamu alejna	As-salamu ’alayna
Es-selamu alejke ejjuhen-nebijju	As-salamu ’alayka ayyuhan-nabiyyu
Šta u prijevodu znači „Es-selamu alejke ejjuhen-nebijju“?	What does “As-salamu ’alayka ayyuhan-nabiyyu” mean?
Neka je mir na sve ljude	Peace be upon all people
Allahu pripadaju lijepe riječi	Good words belong to Allah
Neka je selam na tebe, Vjerovjesniče	Peace be upon you, O Prophet
Svjedočim da nema drugog Boga	I bear witness that there is no other god
Šta se, uz selam, zaziva na Vjerovjesnika?	Along with salam, what do we ask for upon the Prophet?
Samo oprost	Only forgiveness
Samo sreća	Only happiness
Allahova milost i blagoslov	Allah’s mercy and blessings
Kako glase riječi kojima nazivamo selam nama i dobrim Allahovim robovima?	What are the words with which we give salam to ourselves and to Allah’s righteous servants?
Es-selamu alejna ve ala ibadillahis-salihin	As-salamu ’alayna wa ’ala ’ibadillahis-salihin
Šta znači riječ „šehadet“ u ovom dijelu Et-Tehijjatu?	What does the word “shahadah” mean in this part of At-Tahiyyat?
Pozdrav	A greeting
Svjedočenje	Bearing witness
Zahvala	Thanks
Molba	A request
Kako počinje šehadet koji učimo u Et-Tehijjatu?	How does the Shahadah we recite in At-Tahiyyat begin?
Allahumme salli	Allahumma salli
Šta su salavati?	What are salawat?
Iskazi naše ljubavi prema poslaniku Muhammedu, alejhis-selam, i njegovoj porodici	Expressions of our love for the Prophet Muhammad, alayhis-salam, and his family
Dova prije jela	A du’a before eating
Kada učimo salavate u namazu?	When do we recite salawat in Salah?
Na sjedenju poslije Et-Tehijjatu	In the sitting, after At-Tahiyyat
Na prvoj sedždi	In the first sajdah
Koga molimo da blagoslovi Muhammeda, alejhis-selam, i njegovu porodicu?	Whom do we ask to bless Muhammad, alayhis-salam, and his family?
Meleke	The angels
Ljude	People
Uzvišenog Allaha	Allah, the Exalted
Ashabe	The Companions
Koji se poslanik, osim Muhammeda, alejhis-selam, spominje u salavatima?	Apart from Muhammad, alayhis-salam, which prophet is mentioned in the salawat?
Nuh, alejhis-selam	Nuh, alayhis-salam
Kako počinju salavati?	How do the salawat begin?
Allahumme salli 'ala Muhammedin	Allahumma salli ’ala Muhammadin
Za koga se, pored Muhammeda, alejhis-selam, u salavatima traži blagoslov?	Apart from Muhammad, alayhis-salam, for whom do we ask blessings in the salawat?
Samo za ashabe	Only for the Companions
Za njegovu porodicu	For his family
Samo za meleke	Only for the angels
Kako se završava prvi dio salavata?	How does the first part of the salawat end?
Inneke hamidun medžid	Innaka hamidun majid
Šta u prijevodu molimo u drugom dijelu salavata?	In translation, what do we ask for in the second part of the salawat?
Da nam Allah podari imetak	That Allah gives us wealth
Da nam Allah podari hranu	That Allah gives us food
Da nam Allah oprosti grijehe	That Allah forgives our sins
Da Allah obdari Muhammeda i njegovu porodicu	That Allah blesses Muhammad and his family
Ko, prema ajetu , blagosilja Vjerovjesnika?	According to the ayah, who sends blessings upon the Prophet?
Allah i Njegovi meleki	Allah and His angels
Samo ljudi	Only people
Samo ashabi	Only the Companions
Samo njegova porodica	Only his family
Šta Uzvišeni Allah naređuje vjernicima u vezi s Vjerovjesnikom?	What does Allah, the Exalted, command the believers about the Prophet?
Da ga samo spominju	Only to mention him
Da ga blagosiljaju i šalju mu pozdrav	To ask blessings upon him and send him greetings of peace
Da o njemu govore samo petkom	To talk about him only on Fridays
Da ga spominju samo u namazu	To mention him only in Salah
Šta su dove?	What are du’as?
Naše molbe Svemogućem Allahu	Our requests to Allah, the Almighty
Kur'anske sure	Surahs of the Qur’an
Namaski šarti	Sharts of Salah
Kada u namazu učimo dove?	When in Salah do we say du’as?
Na posljednjem sjedenju poslije salavata	In the last sitting, after the salawat
Šta molimo riječima „Rabbena atina fid-dunja haseneten“?	What do we ask for with the words “Rabbana atina fid-dunya hasanatan”?
Samo oprost grijeha	Only forgiveness of sins
Dobro na ovom svijetu	Good in this world
Samo imetak	Only wealth
Šta molimo riječima „ve fil-ahireti haseneten“?	What do we ask for with the words “wa fil-akhirati hasanatan”?
Dobro samo našim roditeljima	Good only for our parents
Zaštitu od bolesti	Protection from illness
Dobro na onom svijetu	Good in the Hereafter
Od čega tražimo zaštitu riječima „ve kina azaben-nar“?	What do we ask protection from with the words “wa qina ’adhaban-nar”?
Od patnje u Džehennemu	From the punishment of the Fire (Jahannam)
Od siromaštva	From poverty
Šta znači „Rabbena-gfir li“?	What does “Rabbanaghfir li” mean?
Gospodaru naš, podari mi zdravlje	Our Lord, give me good health
Gospodaru naš, oprosti meni	Our Lord, forgive me
Gospodaru naš, podari mi imetak	Our Lord, give me wealth
Gospodaru naš, povećaj mi znanje	Our Lord, increase my knowledge
Za koga, osim za sebe, molimo oprost u drugoj dovi na sjedenju u namazu?	In the second du’a in the sitting of Salah, for whom do we ask forgiveness besides ourselves?
Samo za prijatelje	Only for our friends
Samo za učitelje	Only for our teachers
Za svoje roditelje	For our parents
Samo za komšije	Only for our neighbours
Za koga još tražimo oprost u dovi „Rabbena-gfir li“?	For whom else do we ask forgiveness in the du’a “Rabbanaghfir li”?
Samo za djecu	Only for children
Samo za rodbinu	Only for relatives
Za sve vjernike	For all believers
Kada molimo oprost za sebe, roditelje i sve vjernike u navedenoj dovi?	When do we ask forgiveness for ourselves, our parents and all believers in this du’a?
Na Sudnjem danu	On the Day of Judgement
Samo u ramazanu	Only in Ramadan
Samo pred spavanje	Only before going to sleep
Kojim redoslijedom na posljednjem sjedenju učimo navedena učenja?	In the last sitting, in which order do we recite these?
Dove, salavati, Et-Tehijjatu	Du’as, salawat, At-Tahiyyat
Et-Tehijjatu, salavati, dove	At-Tahiyyat, salawat, du’as
Salavati, dove, Et-Tehijjatu	Salawat, du’as, At-Tahiyyat
Dove, Et-Tehijjatu, salavati	Du’as, At-Tahiyyat, salawat
Šta kažemo kada nešto radimo?	What do we say when we do something?
Inšallah	InshaAllah
El-hamdu lillah	Al-hamdu lillah
Šta znači „Bismillah“?	What does “Bismillah” mean?
U ime Allaha	In the name of Allah
Ako Bog da	If Allah wills
Kada kažemo „Inšallah“?	When do we say “InshaAllah”?
Kada se čudimo	When we are surprised
Kada kihnemo	When we sneeze
Kada se nadamo nečemu	When we hope for something
Kada pogriješimo	When we make a mistake
Šta znači „Inšallah“?	What does “InshaAllah” mean?
Kada kažemo „Mašallah“?	When do we say “MashaAllah”?
Kada se divimo	When we admire something
Kada smo u bolu	When we are in pain
Kada se kajemo	When we repent
Šta znači „Mašallah“?	What does “MashaAllah” mean?
Što hoće Allah	What Allah wills
Oprosti mi, Bože	Forgive me, O God
Kada kažemo „Subhanallah“?	When do we say “SubhanAllah”?
Kada smo oduševljeni i kada se čudimo	When we are delighted and when we are amazed
Samo kada smo tužni	Only when we are sad
Šta znači „Subhanallah“?	What does “SubhanAllah” mean?
Šta znači „El-hamdu lillah“?	What does “Al-hamdu lillah” mean?
O Allahu	O Allah
Kada možemo kazati „El-hamdu lillah“?	When can we say “Al-hamdu lillah”?
Samo poslije namaza	Only after Salah
U svakoj prilici	On every occasion
Samo kada smo bolesni	Only when we are ill
Šta kažemo osobi koja kihne?	What do we say to someone who sneezes?
Jerhamukellah	Yarhamukallah
Šta znači „Jerhamukellah“?	What does “Yarhamukallah” mean?
Allah ti dao zdravlje	May Allah give you good health
Allah te nagradio	May Allah reward you
Allah ti oprostio	May Allah forgive you
Allah ti se smilovao	May Allah have mercy on you
Kada kažemo „Ja Allah“?	When do we say “Ya Allah”?
Kada smo u bolu i nevolji	When we are in pain and trouble
Kada počinjemo jesti	When we start eating
Šta znači izraz „Ja Allah“?	What does the phrase “Ya Allah” mean?
Kada kažemo „Estagfirullah“?	When do we say “Astaghfirullah”?
Kada se kajemo za loše djelo	When we repent for a bad deed
Šta znači „Estagfirullah“?	What does “Astaghfirullah” mean?
Kada kažemo „Ne'uzubillah“?	When do we say “Na’udhu billah”?
Kada ukazujemo na nešto ružno	When we point out something bad
Kada se divimo nečemu	When we admire something
Kada pijemo	When we drink
Šta tražimo riječima „Ne'uzubillah“?	What do we ask for with the words “Na’udhu billah”?
Bogatstvo od Allaha	Wealth from Allah
Zaštitu od Allaha	Protection from Allah
Hranu od Allaha	Food from Allah
San od Allaha	Sleep from Allah
Kakvu hranu musliman treba jesti?	What kind of food should a Muslim eat?
Samo slatku	Only sweet food
Samo hladnu	Only cold food
Zdravu i halal – dozvoljenu hranu	Healthy and halal – permitted food
Samo kuhanu	Only cooked food
Šta trebamo uraditi prije i poslije jela?	What should we do before and after eating?
Promijeniti odjeću	Change our clothes
Popiti vodu	Drink water
Šta treba proučiti prije jela?	What should we recite before eating?
Salavate	Salawat
Kako je lijepo jesti prema islamskim pravilima ponašanja?	According to Islamic manners, what is a nice way to eat?
Potpuno sam	All alone
Stojeći	Standing up
Zajedno sa porodicom	Together with the family
Hodajući	While walking
Šta ne trebamo raditi s vrelom hranom?	What should we not do with very hot food?
Jesti je kašikom	Eat it with a spoon
Staviti je na sto	Put it on the table
Sačekati da se ohladi	Wait for it to cool down
Puhati u jelo	Blow on the food
Kakvu hranu ne trebamo jesti?	What kind of food should we not eat?
Vrelu hranu	Very hot food
Zdravu hranu	Healthy food
Halal hranu	Halal food
Umjereno toplu hranu	Pleasantly warm food
Šta trebamo reći nakon jela?	What should we say after eating?
Ne'uzubillah	Na’udhu billah
Ja Allah	Ya Allah
Šta riječima „El-hamdu lillah“ činimo nakon jela?	What are we doing when we say “Al-hamdu lillah” after eating?
Tražimo hranu	Asking for food
Tražimo oprost	Asking for forgiveness
Zahvaljujemo Allahu	Thanking Allah
Pozdravljamo ljude	Greeting people
Šta je preporučeno učiniti sa sofrom nakon jela?	What is it recommended to do with the eating spread (sofra) after a meal?
Ostaviti je	Leave it
Pokriti je i otići	Cover it and walk away
Ne dirati je	Not touch it
Pospremiti sofru	Clear and tidy it away
Šta je preporučeno uraditi sa zubima nakon jela?	What is it recommended to do with our teeth after eating?
Oprati zube	Brush our teeth
Ne dirati ih	Leave them alone
Samo isprati ruke	Only rinse our hands
Oprati ih prije sljedećeg jela	Brush them before the next meal
Koji postupak odgovara islamskim pravilima prilikom jela?	Which behaviour matches Islamic manners when eating?
Jesti lijevom rukom i puhati u vrelo jelo	Eating with the left hand and blowing on hot food
Oprati ruke, proučiti Euzubillu i Bismillu i jesti desnom rukom	Washing hands, saying the Ta’awwudh and the Bismillah, and eating with the right hand
Ne zahvaliti Allahu nakon jela	Not thanking Allah after eating
Jesti samo kada smo sami	Eating only when we are alone
Koliko muslimanskih je mubarek dana?	How many blessed Muslim days (mubarak days) are there?
Zašto se ovi dani nazivaju mubarek-danima?	Why are these days called mubarak (blessed) days?
Zato što su neradni dani	Because they are days off work
Zbog svoje važnosti muslimanima	Because they are important to Muslims
Zato što uvijek padaju petkom	Because they always fall on a Friday
Zato što se tada odmara	Because people rest then
Kako se pripremamo za mubarek-dane?	How do we get ready for the blessed days?
Ne obilježavamo ih	We don’t mark them
Samo odmaramo	We only rest
Nastojimo učestvovati u porodičnim, džematskim i društvenim manifestacijama	We try to take part in family, community (jama’ah) and social events
Ne posjećujemo nikoga	We don’t visit anyone
Kada počinje Nova hidžretska godina?	When does the Islamic New Year (Hijri New Year) begin?
1. ševvala	1st of Shawwal
10. zul-hidžeta	10th of Dhul-Hijjah
Na šta nas Nova hidžretska godina podsjeća?	What does the Islamic New Year remind us of?
Na Hidžru	The Hijrah
Na početak ramazana	The start of Ramadan
Na rođenje Ibrahima, a.s.	The birth of Ibrahim (AS)
Na prvi ezan	The first Adhan
Šta je Hidžra?	What is the Hijrah?
Putovanje na hadž	The journey for Hajj
Preseljenje Muhammeda, alejhis-selam, i muslimana iz Mekke u Medinu	The migration of Muhammad, alayhis-salam, and the Muslims from Makkah to Madinah
Početak posta	The start of fasting
Rođenje Muhammeda, alejhis-selam	The birth of Muhammad, alayhis-salam
Koje godine se dogodila Hidžra?	In which year did the Hijrah happen?
570. godine	In the year 570
Šta muslimani računaju od Hidžre?	What do Muslims count from the Hijrah?
Broj namaza	The number of prayers
Broj mjeseci ramazana	The number of Ramadan months
Broj hadževa	The number of Hajj journeys
Godine po hidžretskom kalendaru	The years of the Hijri calendar
Šta obilježavamo 12. rebiul-evvela?	What do we celebrate on the 12th of Rabi’ al-Awwal?
Mevlud – rođenje Muhammeda, alejhis-selam	Mawlid – the birth of Muhammad, alayhis-salam
Kurban-bajram	Eid al-Adha (Qurbani Eid)
Ramazanski bajram	Eid al-Fitr (Ramadan Eid)
Novu hidžretsku godinu	The Islamic New Year
Kako se obilježava Mevlud ?	How is the Mawlid celebrated?
Samo postom	Only by fasting
Učenjem mevluda i drugim prigodnim programima	By reciting the mawlid poem and other special programmes
Klanjem kurbana	By offering the Qurbani
Obavljanjem hadža	By performing Hajj
Kojih dana mjeseca ševvala se obilježava Ramazanski bajram?	On which days of the month of Shawwal is Eid al-Fitr celebrated?
10, 11. i 12. ševvala	10th, 11th and 12th of Shawwal
5, 6. i 7. ševvala	5th, 6th and 7th of Shawwal
1, 2. i 3. ševvala	1st, 2nd and 3rd of Shawwal
Samo 1. ševvala	Only the 1st of Shawwal
Nakon kojeg mjeseca dolazi Ramazanski bajram?	After which month does Eid al-Fitr come?
Muharrema	Muharram
Rebiul-evvela	Rabi’ al-Awwal
Zul-hidžeta	Dhul-Hijjah
Ramazana	Ramadan
Šta muslimani obilježavaju Ramazanskim bajramom?	What do Muslims celebrate with Eid al-Fitr?
Radost izvršavanja dužnosti posta i drugih obaveza u ramazanu	The joy of having fulfilled the duty of fasting and other duties in Ramadan
Početak nove hidžretske godine	The start of the new Hijri year
Rođenje Muhammeda, a.s.	The birth of Muhammad (AS)
Hidžru iz Mekke u Medinu	The Hijrah from Makkah to Madinah
Kojih dana zul-hidžeta se obilježava Kurban-bajram?	On which days of Dhul-Hijjah is Eid al-Adha celebrated?
1, 2. i 3. zul-hidžeta	1st, 2nd and 3rd of Dhul-Hijjah
10, 11, 12. i 13. zul-hidžeta	10th, 11th, 12th and 13th of Dhul-Hijjah
20, 21. i 22. zul-hidžeta	20th, 21st and 22nd of Dhul-Hijjah
Samo 10. zul-hidžeta	Only the 10th of Dhul-Hijjah
S kojim se obredima posebno povezuje Kurban ili Hadžijski bajram?	Which acts of worship is Eid al-Adha, or the Hajj Eid, especially connected with?
Samo s postom	Only with fasting
Samo s učenjem mevluda	Only with reciting the mawlid
S hadžom, kurbanom i tekbiri-tešrikom	With Hajj, Qurbani and the Takbir at-Tashriq
Samo sa zekatom	Only with Zakah
Koliko dana traje Ramazanski bajram?	How many days does Eid al-Fitr last?
Jedan dan	One day
Dva dana	Two days
Tri dana	Three days
Četiri dana	Four days
Šta muslimani rade ujutro prvog dana Ramazanskog bajrama?	What do Muslims do on the morning of the first day of Eid al-Fitr?
Odlaze u džamiju klanjati bajram-namaz	Go to the mosque to pray the Eid prayer
Odlaze na mezarja	Go to the graveyard
Poste cijeli dan	Fast all day
Ostaju kod kuće	Stay at home
Kako provodimo dane Bajrama?	How do we spend the days of Eid?
Radimo Allahu draga djela, veselimo se, obilazimo rodbinu, komšije i prijatelje te razmjenjujemo poklone	We do deeds that Allah loves, celebrate, visit relatives, neighbours and friends, and exchange gifts
Postimo sva tri dana	We fast all three days
Šta se u Bosni i Hercegovini obilježava drugog dana Ramazanskog bajrama?	In Bosnia and Herzegovina, what is marked on the second day of Eid al-Fitr?
Nova hidžretska godina	The Islamic New Year
Mevlud	Mawlid
Dan vakifa	Waqif Day (Day of Endowment Givers)
Dan šehida	Day of the Shuhada (Martyrs)
Kojim riječima čestitamo Bajram?	With which words do we wish someone a happy Eid?
Bajram šerif mubarek olsun!	Eid Mubarak! (Bayram sharif mubarak olsun!)
Mašallah!	MashaAllah!
Inšallah!	InshaAllah!
Subhanallah!	SubhanAllah!
Koliko dana traje Kurban-bajram?	How many days does Eid al-Adha last?
Sedam dana	Seven days
Kojih dana mjeseca zul-hidžeta traje Kurban-bajram?	On which days of the month of Dhul-Hijjah is Eid al-Adha?
1, 2, 3. i 4.	1st, 2nd, 3rd and 4th
10, 11, 12. i 13.	10th, 11th, 12th and 13th
5, 6, 7. i 8.	5th, 6th, 7th and 8th
20, 21, 22. i 23.	20th, 21st, 22nd and 23rd
Koje obrede muslimani izvršavaju u danima Kurban-bajrama?	Which acts of worship do Muslims perform during the days of Eid al-Adha?
Samo post	Only fasting
Samo zekat	Only Zakah
Hadž, kurban i tekbiri-tešrik	Hajj, Qurbani and the Takbir at-Tashriq
Samo teravih-namaz	Only the Tarawih prayer
Zašto se Kurban-bajram naziva i Hadžijski bajram?	Why is Eid al-Adha also called the Hajj Eid?
Zato što tada počinje ramazan	Because Ramadan begins then
Zato što se tada obilježava Hidžra	Because the Hijrah is marked then
Zato što se tada uči mevlud	Because the mawlid is recited then
Zato što muslimani iz cijelog svijeta obavljaju hadž u Mekki	Because Muslims from all over the world perform Hajj in Makkah
Šta učimo dan uoči i sva četiri dana Kurban-bajrama?	What do we recite on the day before and all four days of Eid al-Adha?
Tekbiri-tešrik	The Takbir at-Tashriq
Samo ezan	Only the Adhan
Samo ikamet	Only the Iqamah
Gdje odlazimo ujutro prvog dana Kurban-bajrama?	Where do we go on the morning of the first day of Eid al-Adha?
Na pijacu	To the market
U školu	To school
U džamiju klanjati bajram-namaz	To the mosque to pray the Eid prayer
Šta oni koji su u mogućnosti prinose poslije bajram-namaza?	What do those who are able offer after the Eid prayer?
Sadaku samo u novcu	Sadaqah, only in money
Zekat	Zakah
Hranu za sebe	Food for themselves
Kurban	Qurbani
Na koliko dijelova možemo podijeliti kurbansko meso?	Into how many parts can we divide the Qurbani meat?
Na tri dijela	Into three parts
Na dva dijela	Into two parts
Na četiri dijela	Into four parts
Na pet dijelova	Into five parts
Šta je pohvalno učiniti s kućom, džamijom i okolinom pred Bajram?	What is praiseworthy to do with our house, mosque and surroundings before Eid?
Ostaviti ih kakve jesu	Leave them as they are
Samo ukrasiti kuću	Only decorate the house
Očistiti ih i uljepšati	Clean them and make them beautiful
Očistiti samo džamiju	Clean only the mosque
Šta je pohvalno obući za Bajram?	What is praiseworthy to wear for Eid?
Radnu odjeću	Work clothes
Bilo koju staru odjeću	Any old clothes
Samo bijelu odjeću	Only white clothes
Najljepšu svečanu odjeću	Our nicest festive clothes
Kako je lijepo čestitati Bajram roditeljima?	What is a nice way to wish our parents a happy Eid?
Poljubiti ih u desnu ruku i darovati im neki dar	Kiss their right hand and give them a gift
Samo poslati poruku	Only send a message
Ne čestitati im posebno	Not wish them anything special
Čestitati samo telefonom	Wish them only by phone
Koga je pohvalno posjetiti za Bajram?	Who is it praiseworthy to visit for Eid?
Samo prijatelje	Only friends
Najbliže, komšije, rodbinu i prijatelje	Our closest family, neighbours, relatives and friends
Samo komšije	Only neighbours
Samo rodbinu	Only relatives
Koje životinje mogu biti kurban?	Which animals can be offered as Qurbani?
Ovca, koza, goveče i deva	Sheep, goat, cow and camel
Kokoš, patka i guska	Chicken, duck and goose
Konj i magarac	Horse and donkey
Sve domaće životinje	All farm animals
Za koliko osoba može biti kurban ovca ili koza?	For how many people can a sheep or goat be offered as Qurbani?
Za dvije osobe	For two people
Za jednu osobu	For one person
Za pet osoba	For five people
Za sedam osoba	For seven people
Za koliko osoba najviše može biti kurban goveče?	At most, for how many people can a cow be offered as Qurbani?
Za tri osobe	For three people
Za deset osoba	For ten people
Kakva treba biti životinja koja se prinosi kao kurban?	What should an animal offered as Qurbani be like?
Bilo kakva	Any kind at all
Obavezno najveća u stadu	It must be the biggest in the herd
Samo bijele boje	Only white
Zdrava i bez nedostataka	Healthy and without defects
Kako se dijeli kurbansko meso?	How is the Qurbani meat shared out?
Jednu trećinu ostavimo sebi, jednu siromašnima, a jednu rodbini, komšijama i prijateljima	We keep one third for ourselves, give one third to the poor, and one third to relatives, neighbours and friends
Sve meso moramo zadržati za sebe	We must keep all the meat for ourselves
Sve meso moramo prodati	We must sell all the meat
Meso se ne smije dijeliti	The meat must not be shared
Prvog dana muharrema	On the first day of Muharram
Prvog dana ramazana	On the first day of Ramadan
Prvog dana ševvala	On the first day of Shawwal
Prvog dana redžeba	On the first day of Rajab
Na koji događaj se prisjećamo povodom Nove hidžretske godine?	Which event do we remember at the Islamic New Year?
Rođenja Muhammeda, a.s.	The birth of Muhammad (AS)
Hidžre	The Hijrah
Početka objave Kur'ana	The start of the revelation of the Qur’an
Bitke na Bedru	The Battle of Badr
Odlazak muslimana na hadž	Muslims going on Hajj
Preseljenje Muhammeda, a.s., i muslimana iz Mekke u Medinu	The migration of Muhammad (AS) and the Muslims from Makkah to Madinah
Povratak muslimana iz Medine u Mekku	The Muslims’ return from Madinah to Makkah
Koliko mjeseci ima hidžretski kalendar?	How many months does the Hijri calendar have?
Dvanaest	Twelve
Deset	Ten
Jedanaest	Eleven
Trinaest	Thirteen
Koji je prvi mjesec hidžretskog kalendara?	What is the first month of the Hijri calendar?
Safer	Safar
Muharrem	Muharram
Ramazan	Ramadan
Redžeb	Rajab
Koji je drugi mjesec hidžretskog kalendara?	What is the second month of the Hijri calendar?
Rebiul-evvel	Rabi’ al-Awwal
Ša'ban	Sha’ban
Koji je treći mjesec hidžretskog kalendara?	What is the third month of the Hijri calendar?
Rebiul-ahir	Rabi’ al-Akhir
Koji je četvrti mjesec hidžretskog kalendara?	What is the fourth month of the Hijri calendar?
Džumadel-ula	Jumada al-Ula
Ševval	Shawwal
Koji je peti mjesec hidžretskog kalendara?	What is the fifth month of the Hijri calendar?
Džumadel-uhra	Jumada al-Akhirah
Zul-kade	Dhul-Qa’dah
Koji je šesti mjesec hidžretskog kalendara?	What is the sixth month of the Hijri calendar?
Koji je sedmi mjesec hidžretskog kalendara?	What is the seventh month of the Hijri calendar?
Koji je osmi mjesec hidžretskog kalendara?	What is the eighth month of the Hijri calendar?
Zul-hidže	Dhul-Hijjah
Koji je deveti mjesec hidžretskog kalendara?	What is the ninth month of the Hijri calendar?
Koji je deseti mjesec hidžretskog kalendara?	What is the tenth month of the Hijri calendar?
Koji je jedanaesti mjesec hidžretskog kalendara?	What is the eleventh month of the Hijri calendar?
Koji je dvanaesti i posljednji mjesec hidžretskog kalendara?	What is the twelfth and last month of the Hijri calendar?
Kakva je hidžretska godina?	What kind of year is the Hijri year?
Sunčeva	A solar year
Lunarna – mjesečeva	Lunar – based on the Moon
Ima uvijek 365 dana	It always has 365 days
Počinje u januaru	It starts in January
Koliko dana ima hidžretska godina prema lekciji?	According to the lesson, how many days does the Hijri year have?
365 dana	365 days
360 dana	360 days
355 dana	355 days
366 dana	366 days
Kada počinje i završava dan u hidžretskom kalendaru?	When does a day begin and end in the Hijri calendar?
Počinje u ponoć, a završava u podne	It begins at midnight and ends at noon
Počinje izlaskom Sunca, a završava u ponoć	It begins at sunrise and ends at midnight
Počinje u zoru, a završava u podne	It begins at dawn and ends at noon
Počinje od zalaska Sunca i traje do sljedećeg zalaska	It begins at sunset and lasts until the next sunset
Koji je prvi dan sedmice u hidžretskom kalendaru?	What is the first day of the week in the Hijri calendar?
Ponedjeljak	Monday
Nedjelja	Sunday
Petak	Friday
Subota	Saturday
Šta je Mevlud?	What is the Mawlid?
Dan u kojem se radujemo rođenju Muhammeda, alejhis-selam	The day we celebrate the birth of Muhammad, alayhis-salam
Dan početka ramazana	The day Ramadan starts
Dan Hidžre	The day of the Hijrah
Dan Kurban-bajrama	The day of Eid al-Adha
Kada je rođen Muhammed, alejhis-selam?	When was Muhammad, alayhis-salam, born?
1. muharrema 622. godine	1st of Muharram, in the year 622
12. rebiul-evvela 571. godine	12th of Rabi’ al-Awwal, in the year 571
1. ramazana 610. godine	1st of Ramadan, in the year 610
10. zul-hidžeta 570. godine	10th of Dhul-Hijjah, in the year 570
U Mekki	In Makkah
Kako su se zvali roditelji Muhammeda, alejhis-selam?	What were the names of the parents of Muhammad, alayhis-salam?
Ibrahim i Hadžera	Ibrahim and Hajar
Abdullah i Hatidža	Abdullah and Khadijah
Ebu Talib i Amina	Abu Talib and Aminah
Abdullah i Amina	Abdullah and Aminah
Kome pripada porodica Muhammeda, alejhis-selam?	Which tribe did the family of Muhammad, alayhis-salam, belong to?
Najuglednijem arapskom plemenu Kurejš	The most respected Arab tribe, the Quraysh
Hašimijje	The Hashimites
Nije poznato	It is not known
Nije pripadala plemenu	It did not belong to a tribe
Kako obilježavamo dan i mjesec rođenja Muhammeda, alejhis-selam?	How do we mark the day and month of the birth of Muhammad, alayhis-salam?
Učenjem mevluda	By reciting the mawlid
Ko je autor mevludskog spjeva „Dobro nam doš'o“ ?	Who wrote the mawlid poem “Dobro nam doš’o” (“Welcome to Us”)?
Safvet-beg Bašagić	Safvet-beg Bašagić
Musa Ćazim Ćatić	Musa Ćazim Ćatić
Rešad Kadić	Rešad Kadić
Mehmed Handžić	Mehmed Handžić
Kako je Muhammed, alejhis-selam, nazvan u spjevu „Dobro nam doš'o“?	What is Muhammad, alayhis-salam, called in the poem “Dobro nam doš’o”?
Samo pjesnikom	Only a poet
Prosvjetiteljem, zagovornikom i spasiteljem	The one who brings light, the intercessor and the saviour
Vladarom svijeta	Ruler of the world
Trgovcem i putnikom	A merchant and traveller
Kojem plemenu je pripadao Muhammed, alejhis-selam?	Which tribe did Muhammad, alayhis-salam, belong to?
Evsu	Aws
Hazredžu	Khazraj
Kurejšu	Quraysh
Sekifu	Thaqif
Ko će, prema hadisu , biti najpreči Muhammedu, alejhis-selam, na Sudnjem danu?	According to the hadith, who will be closest to Muhammad, alayhis-salam, on the Day of Judgement?
Onaj ko najviše putuje	The one who travels the most
Onaj ko ima najviše imetka	The one who has the most wealth
Onaj ko najduže spava	The one who sleeps the longest
Onaj ko mu najviše prouči salavata	The one who sends the most salawat upon him
Ko je prenio hadis o učenju salavata?	Who narrated the hadith about reciting salawat?
Buhari	Bukhari
Koja je druga islamska dužnost – šart?	What is the second pillar (duty) of Islam?
Klanjati namaz	Praying Salah
Postiti ramazan	Fasting in Ramadan
Davati zekat	Giving Zakah
Obaviti hadž	Performing Hajj
Šta je namaz?	What is Salah?
Samo tjelesna vježba	Only physical exercise
Najuzvišeniji način iskazivanja pokornosti i zahvalnosti Uzvišenom Allahu	The most exalted way of showing obedience and thankfulness to Allah, the Exalted
Običaj koji se obavlja samo petkom	A custom done only on Fridays
Šta želimo postići klanjajući namaz?	What do we want to achieve by praying Salah?
Samo odmoriti tijelo	Only to rest the body
Naučiti računati vrijeme	To learn to tell the time
Približiti se svome Gospodaru i steći Njegovu naklonost	To come closer to our Lord and gain His favour
Steći imetak	To gain wealth
Koliko dnevnih namaza klanjamo?	How many daily prayers do we pray?
Kako se zovu pet dnevnih namaza?	What are the names of the five daily prayers?
Sabah, podne, ikindija, akšam i jacija	Fajr, Dhuhr, Asr, Maghrib and Isha
Sabah, džuma, teravija, akšam i vitr	Fajr, Jumu’ah, Tarawih, Maghrib and Witr
Sabah, podne, džuma, bajram i jacija	Fajr, Dhuhr, Jumu’ah, Eid and Isha
Podne, ikindija, teravija, vitr i dženaza	Dhuhr, Asr, Tarawih, Witr and Janazah
Kada počinje vrijeme sabah-namaza?	When does the time for Fajr begin?
Od izlaska Sunca	From sunrise
Od zore	From dawn
Od podneva	From noon
Od zalaska Sunca	From sunset
Do kada traje vrijeme sabah-namaza?	Until when does the time for Fajr last?
Do podneva	Until noon
Do zore	Until dawn
Do pred izlazak Sunca	Until just before sunrise
Do zalaska Sunca	Until sunset
Kada počinje vrijeme podne-namaza?	When does the time for Dhuhr begin?
Nakon zalaska Sunca	After sunset
Kada nastupi potpuni mrak	When it is completely dark
Kada Sunce malo odmakne sa sredine neba	When the Sun has moved a little past the middle of the sky
Do kada traje vrijeme podne-namaza?	Until when does the time for Dhuhr last?
Do kasnog popodneva	Until late afternoon
Do izlaska Sunca	Until sunrise
Do potpunog mraka	Until it is completely dark
Kada počinje vrijeme ikindija-namaza?	When does the time for Asr begin?
Kada Sunce nagne zapadu	When the Sun leans towards the west
Kada nastupi zora	When dawn comes
Do kada traje vrijeme ikindija-namaza?	Until when does the time for Asr last?
Do pred zalazak Sunca	Until just before sunset
Kada počinje vrijeme akšam-namaza?	When does the time for Maghrib begin?
Od potpunog mraka	From complete darkness
Kada počinje vrijeme jacija-namaza?	When does the time for Isha begin?
Kada potpuno nestane Sunčeve svjetlosti	When the sunlight has completely gone
U podne	At noon
Do kada traje vrijeme jacija-namaza?	Until when does the time for Isha last?
Do ponoći	Until midnight
Do pred zoru	Until just before dawn
Koje namaze, osim pet dnevnih, još klanjamo ?	Apart from the five daily prayers, which other prayers do we pray?
Samo džuma-namaz	Only the Jumu’ah prayer
Džuma-namaz, teravih-namaz, dva bajram-namaza i povremeno dženaza-namaz	The Jumu’ah prayer, the Tarawih prayer, the two Eid prayers and sometimes the Janazah (funeral) prayer
Samo bajram-namaz	Only the Eid prayer
Kada klanjamo sabah-namaz?	When do we pray Fajr?
Od podneva do ikindije	From noon until Asr
Od zore do izlaska Sunca	From dawn until sunrise
Od zalaska Sunca do mraka	From sunset until dark
Koliko rekata ima sabah-namaz?	How many rak’ahs does the Fajr prayer have?
Tri rekata	Three rak’ahs
Šest rekata	Six rak’ahs
Četiri rekata	Four rak’ahs
Osam rekata	Eight rak’ahs
Šta proučimo nakon pripreme za sabah-namaz, a prije nijeta?	What do we recite after getting ready for Fajr, but before the niyyah?
Koliko rekata ima sabahski sunnet?	How many rak’ahs does the Sunnah of Fajr have?
Dva rekata	Two rak’ahs
Jedan rekat	One rak’ah
Koliko rekata ima sabahski farz?	How many rak’ahs does the fard of Fajr have?
Koji namaz je jutarnji namaz?	Which prayer is the morning prayer?
Podne-namaz	The Dhuhr prayer
Ikindija-namaz	The Asr prayer
Sabah-namaz	The Fajr prayer
Akšam-namaz	The Maghrib prayer
Šta prvo klanjamo u sabah-namazu?	What do we pray first in the Fajr prayer?
Dva rekata sunneta	Two rak’ahs of Sunnah
Dva rekata farza	Two rak’ahs of fard
Četiri rekata farza	Four rak’ahs of fard
Tri rekata vitr-namaza	Three rak’ahs of Witr prayer
Šta klanjamo nakon sabahskog sunneta?	What do we pray after the Sunnah of Fajr?
Akšamski farz	The fard of Maghrib
Dva rekata sabahskog farza	Two rak’ahs of the fard of Fajr
Podnevski sunnet	The Sunnah of Dhuhr
Vitr-namaz	The Witr prayer
Prema čemu se okrećemo prilikom nijeta za sabah-namaz?	What do we face when making the niyyah for Fajr?
Prema džamijskim vratima	The mosque door
Prema učitelju	The teacher
Kojim riječima završava nijet ?	With which words does the niyyah end?
Subhane Rabbijel-A'la	Subhana Rabbiyal-A’la
Esselamu alejkum	Assalamu alaykum
Šta izgovaramo na početku namaza nakon nijeta?	What do we say at the start of the prayer after the niyyah?
Rabbena lekel-hamd	Rabbana lakal-hamd
Šta učimo na kijamu prvog rekata sabah-namaza?	What do we recite in the qiyam of the first rak’ah of Fajr?
Et-Tehijjatu i salavate	At-Tahiyyat and salawat
Subhaneke, Euzubillu, Bismillu, Fatihu i suru	Subhanaka, Ta’awwudh, Bismillah, Al-Fatiha and a surah
Samo Bismillu i suru	Only the Bismillah and a surah
Šta učimo na kijamu drugog rekata sabah-namaza?	What do we recite in the qiyam of the second rak’ah of Fajr?
Bismillu, Fatihu i suru	Bismillah, Al-Fatiha and a surah
Subhaneke i Et-Tehijjatu	Subhanaka and At-Tahiyyat
Samo suru	Only a surah
Salavate i dovu	Salawat and du’a
Šta izgovaramo kada odlazimo na ruku'?	What do we say when going down into ruku’?
Šta učimo tri puta na ruku'u?	What do we recite three times in ruku’?
Šta izgovaramo vraćajući se sa ruku'a u uspravan položaj?	What do we say while coming back up from ruku’ to standing?
Subhaneke	Subhanaka
Šta izgovaramo u stojećem položaju nakon povratka sa ruku'a?	What do we say while standing after coming back up from ruku’?
Šta učimo tri puta na sedždi?	What do we recite three times in sajdah?
Koliko sedždi činimo u jednom rekatu?	How many sajdahs do we make in one rak’ah?
Šta se nalazi između prve i druge sedžde?	What comes between the first and the second sajdah?
Sjedenje između sedždi	Sitting between the two sajdahs
Predavanje selama	Giving the salam
Kako se zove posljednje sjedenje u namazu?	What is the last sitting in Salah called?
Šta učimo na posljednjem sjedenju u namazu?	What do we recite in the last sitting of Salah?
Na koju stranu prvo predajemo selam?	To which side do we give salam first?
Na desnu stranu	To the right side
Na lijevu stranu	To the left side
Po želji	Whichever we like
Šta izgovaramo prilikom predavanja selama u namazu?	What do we say when giving salam in Salah?
Es-selamu alejkum ve rahmetullah	As-salamu ’alaykum wa rahmatullah
Kojim redoslijedom predajemo selam na kraju namaza?	In which order do we give salam at the end of Salah?
Samo na desnu stranu	Only to the right side
Prvo na lijevu, pa na desnu	First to the left, then to the right
Prvo na desnu, pa na lijevu stranu	First to the right, then to the left side
Samo na lijevu stranu	Only to the left side
Kako počinje prvi ajet sure El-Leheb?	How does the first ayah of Surah Al-Lahab (Al-Masad) begin?
Kul e'uzu bi rabbil-felek	Qul a’udhu bi rabbil-falaq
Tebbet jedā ebī Lehebin ve tebb	Tabbat yada abi Lahabin wa tabb
Inna e'atajna kel-kevser	Inna a’taynakal-kawthar
Šta se u prijevodu prvog ajeta kaže za Ebu Leheba?	In translation, what does the first ayah say about Abu Lahab?
Da će biti nagrađen	That he will be rewarded
Da će biti spašen	That he will be saved
Da će postati bogat	That he will become rich
Da je propao i da će propasti	That he is ruined and will be ruined
Šta Ebu Lehebu neće koristiti?	What will not help Abu Lahab?
Njegovo blago i ono što je stekao	His wealth and what he gained
Njegova kuća	His house
Njegova odjeća	His clothes
Njegovo putovanje	His journey
Gdje će, prema suri, Ebu Leheb ući?	According to the surah, where will Abu Lahab enter?
U bašču	A garden
U vatru rasplamsalu	A Fire of blazing flame
U hladovinu	The shade
U palaču	A palace
Ko se, osim Ebu Leheba, spominje u suri?	Apart from Abu Lahab, who is mentioned in the surah?
Njegov brat	His brother
Njegov sin	His son
Njegova žena	His wife
Njegov prijatelj	His friend
Šta će biti oko vrata Ebu Lehebove žene?	What will be around the neck of Abu Lahab’s wife?
Uže od ličine usukane	A rope of twisted fibre
Zlatni lanac	A gold chain
Komad platna	A piece of cloth
Ogrlica od srebra	A silver necklace
Koliko ajeta ima sura El-Leheb?	How many ayahs does Surah Al-Lahab have?
Na šta je Muhammed, alejhis-selam, pozivao ljude ?	What did Muhammad, alayhis-salam, call people to?
Da skupljaju imetak	To collect wealth
Da kažu: „Nema drugog Boga osim Allaha“	To say: “There is no god except Allah”
Da napuste svoje porodice	To leave their families
Da mnogo putuju	To travel a lot
Šta je, prema navedenom hadisu, obećano onima koji kažu: „Nema drugog Boga osim Allaha“?	According to the hadith, what is promised to those who say: “There is no god except Allah”?
Veliki imetak	Great wealth
Dug život	A long life
Uspjeh	Success
Mnogo prijatelja	Many friends
Koji je namaz večernji namaz?	Which prayer is the evening prayer?
Kada klanjamo akšam-namaz?	When do we pray Maghrib?
Od zalaska Sunca do potpunog smračenja	From sunset until it is completely dark
Od ponoći do zore	From midnight until dawn
Koliko ukupno rekata ima akšam-namaz prema lekciji?	According to the lesson, how many rak’ahs does the Maghrib prayer have altogether?
Koliko rekata ima farz akšam-namaza?	How many rak’ahs does the fard of Maghrib have?
Koliko rekata ima sunnet akšam-namaza?	How many rak’ahs does the Sunnah of Maghrib have?
Šta prvo klanjamo kod akšam-namaza?	What do we pray first at Maghrib?
Sunnet	The Sunnah
Nafilu	A nafl (voluntary) prayer
Farz	The fard
Vitr	Witr
Šta klanjamo nakon akšamskog farza?	What do we pray after the fard of Maghrib?
Tri rekata farza	Three rak’ahs of fard
Četiri rekata sunneta	Four rak’ahs of Sunnah
Dženaza-namaz	The Janazah (funeral) prayer
Šta učimo na prvom rekatu akšamskog farza?	What do we recite in the first rak’ah of the fard of Maghrib?
Šta učimo na drugom rekatu akšamskog farza?	What do we recite in the second rak’ah of the fard of Maghrib?
Samo Et-Tehijjatu	Only At-Tahiyyat
Subhaneke i salavate	Subhanaka and salawat
Šta učimo na prvom sjedenju akšamskog farza?	What do we recite in the first sitting of the fard of Maghrib?
Dovu poslije namaza	The du’a after Salah
Šta učimo na trećem rekatu akšamskog farza prema prikazu u lekciji?	As shown in the lesson, what do we recite in the third rak’ah of the fard of Maghrib?
Subhaneke, Fatihu i suru	Subhanaka, Al-Fatiha and a surah
Bismillu i Fatihu	Bismillah and Al-Fatiha
Šta učimo na posljednjem sjedenju akšamskog farza?	What do we recite in the last sitting of the fard of Maghrib?
Subhaneke i Euzubillu	Subhanaka and the Ta’awwudh
Et-Tehijjatu, salavate i dove, a zatim predajemo selam	At-Tahiyyat, salawat and du’as, and then we give salam
Kako se klanja akšamski sunnet?	How is the Sunnah of Maghrib prayed?
Na isti način kao sabahski sunnet	In the same way as the Sunnah of Fajr
Kao trorekatni farz	Like a three-rak’ah fard
Kao vitr-namaz	Like the Witr prayer
Kao dženaza-namaz	Like the Janazah prayer
Šta je farz?	What is fard?
Ono što možemo raditi samo ako želimo	Something we may do only if we want to
Sve što nam je Uzvišeni Allah naredio da radimo	Everything Allah, the Exalted, has commanded us to do
Samo ono što radimo petkom	Only what we do on Fridays
Ono što se radi samo za Bajram	Something done only at Eid
Šta je sunnet ?	What is Sunnah?
Sve što je zabranjeno	Everything that is forbidden
Samo ono što učimo iz Kur'ana	Only what we learn from the Qur’an
Sve što nam je Muhammed, alejhis-selam, preporučio da radimo	Everything Muhammad, alayhis-salam, recommended us to do
Samo obavezni dio namaza	Only the compulsory part of Salah
Šta je Ajetul-Kursija?	What is Ayat al-Kursi?
Najuzvišeniji ajet u Kur'anu	The greatest ayah in the Qur’an
Najkraća sura u Kur'anu	The shortest surah in the Qur’an
Dova poslije jela	A du’a after eating
O čemu govori Ajetul-Kursija?	What is Ayat al-Kursi about?
O postu	About fasting
O Allahovom Prijestolju i Njegovoj veličini	About Allah’s Kursi (Footstool) and His greatness
O hadžu	About Hajj
O zekatu	About Zakah
Zašto učimo Ajetul-Kursiju?	Why do we recite Ayat al-Kursi?
Samo radi lijepog izgovora	Only for nice pronunciation
Kao zaštitu i traženje utočišta kod Uzvišenog Allaha	As protection and to seek refuge with Allah, the Exalted
Kojim riječima počinje Ajetul-Kursija nakon Bismille?	With which words does Ayat al-Kursi begin after the Bismillah?
Allahu la ilahe illa Hu	Allahu la ilaha illa Huwa
Šta znače riječi „Allahu la ilahe illa Hu“?	What do the words “Allahu la ilaha illa Huwa” mean?
Allah je – nema boga osim Njega	Allah – there is no god except Him
Allah sve oprašta	Allah forgives everything
Allah je stvorio meleke	Allah created the angels
Allah voli strpljive	Allah loves the patient
Kako je Allah opisan riječima „El-Hajjul-Kajjum“?	How is Allah described with the words “Al-Hayyul-Qayyum”?
Živi i Vječni	The Ever-Living, the Sustainer of all existence
Onaj koji prašta	The One who forgives
Kome pripada sve što je na nebesima i na Zemlji?	To whom belongs everything in the heavens and on the Earth?
Može li neko posredovati kod Allaha bez Njegovog dopuštenja?	Can anyone intercede with Allah without His permission?
Ne može	No one can
Može svako	Anyone can
Mogu svi ljudi	All people can
Može bez ikakvih uslova	Anyone can, without any conditions
Koliko ljudi mogu obuhvatiti Allahovog znanja?	How much of Allah’s knowledge can people grasp?
Sve bez ograničenja	All of it, without limit
Polovinu	Half of it
Onoliko koliko Allah želi	As much as Allah wills
Ništa ne mogu naučiti	They cannot learn anything
Šta obuhvata Allahov Kursijj prema prijevodu ?	According to the translation, what does Allah’s Kursi extend over?
Samo Zemlju	Only the Earth
Samo nebesa	Only the heavens
Samo ljude	Only people
Nebesa i Zemlju	The heavens and the Earth
Kojim opisima se završava Ajetul-Kursija?	With which descriptions does Ayat al-Kursi end?
Svevišnji i Veličanstveni	The Most High, the Most Great
Kada se, prema hadisu  preporučuje učiti Ajetul-Kursiju?	According to the hadith, when is it recommended to recite Ayat al-Kursi?
Poslije svakog propisanog namaza	After every fard prayer
Šta, prema navedenom hadisu, dijeli osobu koja poslije svakog propisanog namaza prouči Ajetul-Kursiju od ulaska u Džennet?	According to the hadith, what separates a person who recites Ayat al-Kursi after every fard prayer from entering Jannah?
Jedan namaz	One prayer
Samo smrt	Only death
Jedna godina	One year
Ko se navodi kao izvor hadisa o učenju Ajetul-Kursije poslije propisanog namaza?	Who is given as the source of the hadith about reciting Ayat al-Kursi after the fard prayer?
Taberani	Tabarani
Šta znači „Allahu la ilahe illa Hu“?	What does “Allahu la ilaha illa Huwa” mean?
Hvala pripada Allahu	Praise belongs to Allah
Allah sve prašta	Allah forgives all
Šta znači „El-Hajjul-Kajjum“?	What does “Al-Hayyul-Qayyum” mean?
Šta znači „La te'huzuhu sinetun ve la nevm“?	What does “La ta’khudhuhu sinatun wa la nawm” mean?
Njemu pripada sve na nebesima	To Him belongs everything in the heavens
On sve zna i sve vidi	He knows everything and sees everything
Ne obuzima Ga ni drijemež ni san	Neither drowsiness overtakes Him nor sleep
On je Svevišnji i Veličanstveni	He is the Most High, the Most Great
Šta znači „Lehu ma fis-semavati ve ma fil-erd“?	What does “Lahu ma fis-samawati wa ma fil-ard” mean?
On zna ono što je bilo prije njih	He knows what was before them
Njegovo je ono što je na nebesima i ono što je na Zemlji	To Him belongs whatever is in the heavens and whatever is on the Earth
Njegova milost obuhvata sve	His mercy covers everything
Niko ne može bez Njega živjeti	No one can live without Him
Šta znači „Vesia kursijjuhus-semavati vel-erd“?	What does “Wasi’a kursiyyuhus-samawati wal-ard” mean?
Moć Njegova obuhvata i nebesa i Zemlju	His Kursi extends over the heavens and the Earth
Allah oprašta ljudima	Allah forgives people
Allah je stvorio čovjeka	Allah created humans
Allah poznaje budućnost	Allah knows the future
Šta znači „Ve Huvel-Alijjul-Azim“?	What does “Wa Huwal-’Aliyyul-’Azim” mean?
On je Milostivi i Samilosni	He is the Entirely Merciful, the Especially Merciful
On je Onaj koji sve čuje	He is the One who hears everything
On je Gospodar Sudnjega dana	He is the Lord of the Day of Judgement
Šta je zikr?	What is dhikr?
Spominjanje Allaha	Remembering Allah
Klanjanje sunneta	Praying a Sunnah prayer
Učenje ikameta	Saying the Iqamah
Kada učimo zikr poslije namaza?	When do we do dhikr after Salah?
Nakon predavanja posljednjeg selama	After giving the last salam
Prije namaza	Before Salah
Od čega se sastoji zikr poslije namaza?	What does the dhikr after Salah consist of?
Samo od Fatihe	Only Al-Fatiha
Samo od dove	Only a du’a
Od salavata, Ajetul-Kursije i tesbiha	Salawat, Ayat al-Kursi and tasbih
Samo od tekbira	Only takbir
Čime počinjemo zikr poslije namaza?	What do we start the dhikr after Salah with?
Fatihom	Al-Fatiha
Tesbihom	Tasbih
Dovom	A du’a
Salavatom	Salawat
Šta učimo poslije Ajetul-Kursije?	What do we recite after Ayat al-Kursi?
Tesbih	Tasbih
U koju ruku uzimamo tesbih?	In which hand do we hold the tasbih (prayer beads)?
U obje ruke	In both hands
Svejedno	It doesn’t matter
Koliko puta izgovaramo „Subhanallah“?	How many times do we say “SubhanAllah”?
10 puta	10 times
25 puta	25 times
33 puta	33 times
40 puta	40 times
Nema boga osim Allaha	There is no god except Allah
Slavljen je Allah	Glorified is Allah
Koliko puta izgovaramo „El-hamdu lillah“ na tesbihu?	How many times do we say “Al-hamdu lillah” on the tasbih?
34 puta	34 times
100 puta	100 times
Allah je jedan	Allah is One
Koliko puta izgovaramo „Allahu ekber“ na tesbihu?	How many times do we say “Allahu akbar” on the tasbih?
30 puta	30 times
32 puta	32 times
Koliko ukupno puta izgovorimo Subhanallah, El-hamdu lillah i Allahu ekber na tespihu?	Altogether, how many times do we say SubhanAllah, Al-hamdu lillah and Allahu akbar on the prayer beads?
99 puta	99 times
66 puta	66 times
Čime, osim tespiha, možemo brojati riječi tesbiha?	Apart from prayer beads, what can we use to count the words of tasbih?
Olovkom	A pencil
Digitalnim brojačem ili na prste desne ruke	A digital counter or the fingers of the right hand
Satom	A clock
Knjigom	A book
Šta radimo nakon što završimo tesbih?	What do we do after we finish the tasbih?
Odmah ustajemo	We get up straight away
Ponovo klanjamo namaz	We pray the Salah again
Nastavljamo učiti propisane riječi zikra	We carry on reciting the set words of dhikr
Učimo ezan	We call the Adhan
Čime upotpunjujemo namaz nakon tesbiha?	What do we complete the Salah with after the tasbih?
Namaskom dovom i Fatihom	With the du’a after Salah and Al-Fatiha
Ezanom i ikametom	With the Adhan and Iqamah
Novim namazom	With a new prayer
Samo salavatom	Only with salawat
Ko je prenio hadis naveden o učenju 33 puta Subhanallah, El-hamdu lillah i Allahu ekber?	Who narrated the hadith about saying SubhanAllah, Al-hamdu lillah and Allahu akbar 33 times?
Koje riječi je Muhammed, alejhis-selam, prema navedenom hadisu, preporučio učiti poslije svakog namaza?	According to the hadith, which words did Muhammad, alayhis-salam, recommend saying after every prayer?
Samo Bismillu	Only the Bismillah
Subhanallah, El-hamdu lillah i Allahu ekber	SubhanAllah, Al-hamdu lillah and Allahu akbar
Samo salavate	Only salawat
Šta nam Uzvišeni Allah naređuje nakon završetka namaza u ajetu navedenom u lekciji?	In the ayah given in the lesson, what does Allah, the Exalted, command us to do after finishing Salah?
Da odmah napustimo džamiju	Leave the mosque straight away
Da ponovimo namaz	Repeat the prayer
Da šutimo	Stay silent
Da Allaha spominjemo	Remember Allah
Šta znači riječ „En-Nasr“?	What does the word “An-Nasr” mean?
Svjetlost	Light
Strpljenje	Patience
Pomoć	Help (victory)
Milost	Mercy
Koliko ajeta ima sura En-Nasr?	How many ayahs does Surah An-Nasr have?
Kojim riječima počinje prvi ajet sure En-Nasr?	With which words does the first ayah of Surah An-Nasr begin?
Kul huvallahu	Qul huwallahu
Tebbet jeda	Tabbat yada
Iza dža'e nasrullahi vel-feth	Idha ja’a nasrullahi wal-fath
Šta znači „Iza dža'e nasrullahi vel-feth“?	What does “Idha ja’a nasrullahi wal-fath” mean?
Kada Allahova pomoć i pobjeda dođu	When the victory of Allah has come and the conquest
Kada nastupi noć	When night falls
Kada ljudi krenu na namaz	When people set off for prayer
Kada dođe Sudnji dan	When the Day of Judgement comes
Šta ljudi, prema suri En-Nasr, čine u skupinama?	According to Surah An-Nasr, what do people do in multitudes?
Napuštaju svoje gradove	Leave their towns
Ulaze u Allahovu vjeru	Enter the religion of Allah
Odlaze na putovanje	Go on a journey
Okupljaju se radi trgovine	Gather for trade
Šta znači dio „Ve re'ejten-nase jedhulune fi dinillahi efvadža“?	What does the part “Wa ra’aytan-nasa yadkhuluna fi dinillahi afwaja” mean?
I vidjet ćeš ljude kako klanjaju	And you will see people praying
I vidjet ćeš ljude kako poste	And you will see people fasting
I vidiš ljude kako u skupinama u Allahovu vjeru ulaze	And you see the people entering into the religion of Allah in multitudes
I vidiš ljude kako odlaze iz grada	And you see people leaving the town
Šta nam Allah naređuje nakon spominjanja pomoći i pobjede u suri Nasr?	In Surah An-Nasr, after mentioning help and victory, what does Allah command us to do?
Da spavamo	To sleep
Da putujemo	To travel
Da veličamo i hvalimo svoga Gospodara	To glorify and praise our Lord
Šta znači „Fe-sebbih bi-hamdi Rabbike“?	What does “Fa-sabbih bi-hamdi Rabbika” mean?
Veličaj Gospodara svoga hvaleći Ga	Exalt your Lord with praise
Traži pomoć od ljudi	Ask people for help
Klanjaj samo noću	Pray only at night
Udjeljuj sadaku	Give sadaqah (charity)
Šta znači riječ „vestağfir“ u suri En-Nasr?	What does the word “wastaghfir” mean in Surah An-Nasr?
Zahvali	Give thanks
Moli Ga da ti oprosti	Ask Him to forgive you
Posti	Fast
Klanjaj	Pray
Šta znači „Innehu kane tevvaba“?	What does “Innahu kana tawwaba” mean?
On sve čuje	He hears everything
On sve vidi	He sees everything
On je uvijek pokajanje primao	He is ever Accepting of repentance
On je stvorio nebesa	He created the heavens
Šta trebamo učiniti kada nam Allah podari pomoć i pobjedu  u suri Nasr?	According to Surah An-Nasr, what should we do when Allah grants us help and victory?
Zahvaliti Mu, veličati Ga i tražiti oprost	Thank Him, glorify Him and ask for forgiveness
Zaboraviti na zahvalnost	Forget to be thankful
Hvaliti samo sebe	Praise only ourselves
Prekinuti ibadet	Stop worshipping (’ibadah)
Koja je glavna pouka sure En-Nasr?	What is the main lesson of Surah An-Nasr?
Nakon uspjeha trebamo hvaliti sebe	After success we should praise ourselves
Pobjeda dolazi samo ljudskom snagom	Victory comes only by human strength
Allahu zahvaljujemo na pomoći i pobjedi te Ga molimo za oprost	We thank Allah for help and victory and ask Him for forgiveness
Oprost nije potrebno tražiti	Forgiveness does not need to be asked for
